Title,Author,Length,User-Agent
Belsay,LJ Ross,Length: 5 hrs and 41 mins,"Mozilla/5.0 (Windows NT 10.0; Win64; x64) AppleWebKit/537.36 (KHTML, like Gecko) Chrome/133.0.0.0 Safari/537.36"
All or Nothing,Michael Wolff,Length: 14 hrs and 56 mins,"Mozilla/5.0 (Windows NT 10.0; Win64; x64) AppleWebKit/537.36 (KHTML, like Gecko) Chrome/133.0.0.0 Safari/537.36"
He Who Fights with Monsters 12: A LitRPG Adventure,"Shirtaloon,Travis Deverell",Length: 20 hrs and 26 mins,"Mozilla/5.0 (Windows NT 10.0; Win64; x64) AppleWebKit/537.36 (KHTML, like Gecko) Chrome/133.0.0.0 Safari/537.36"
A Simple Mistake,Alice Winters,Length: 10 hrs and 11 mins,"Mozilla/5.0 (Windows NT 10.0; Win64; x64) AppleWebKit/537.36 (KHTML, like Gecko) Chrome/133.0.0.0 Safari/537.36"
The Primal Hunter 11,Zogarth,Length: 23 hrs and 31 mins,"Mozilla/5.0 (Windows NT 10.0; Win64; x64) AppleWebKit/537.36 (KHTML, like Gecko) Chrome/133.0.0.0 Safari/537.36"
Onyx Storm (Part 1 of 2) (Dramatized Adaptation),Rebecca Yarros,Length: 9 hrs,"Mozilla/5.0 (Windows NT 10.0; Win64; x64) AppleWebKit/537.36 (KHTML, like Gecko) Chrome/133.0.0.0 Safari/537.36"
Him,JD Kirk,Length: 9 hrs and 28 mins,"Mozilla/5.0 (Windows NT 10.0; Win64; x64) AppleWebKit/537.36 (KHTML, like Gecko) Chrome/133.0.0.0 Safari/537.36"
Clown Town,Mick Herron,Length: 10 hrs,"Mozilla/5.0 (Windows NT 10.0; Win64; x64) AppleWebKit/537.36 (KHTML, like Gecko) Chrome/133.0.0.0 Safari/537.36"
The Complete Somatic Therapy & Polyvagal Theory Toolbox,Y.D. Gardens,Length: 12 hrs and 27 mins,"Mozilla/5.0 (Windows NT 10.0; Win64; x64) AppleWebKit/537.36 (KHTML, like Gecko) Chrome/133.0.0.0 Safari/537.36"
The Moon Sister,Lucinda Riley,Length: 23 hrs and 12 mins,"Mozilla/5.0 (Windows NT 10.0; Win64; x64) AppleWebKit/537.36 (KHTML, like Gecko) Chrome/133.0.0.0 Safari/537.36"
The Hallmarked Man,Robert Galbraith,Length: 10 hrs,"Mozilla/5.0 (Windows NT 10.0; Win64; x64) AppleWebKit/537.36 (KHTML, like Gecko) Chrome/133.0.0.0 Safari/537.36"
Interceptor City,Dan Abnett,Length: 15 hrs and 35 mins,"Mozilla/5.0 (Windows NT 10.0; Win64; x64) AppleWebKit/537.36 (KHTML, like Gecko) Chrome/133.0.0.0 Safari/537.36"
Gateway,Craig Alanson,Length: 21 hrs and 40 mins,"Mozilla/5.0 (Windows NT 10.0; Win64; x64) AppleWebKit/537.36 (KHTML, like Gecko) Chrome/133.0.0.0 Safari/537.36"
The Dark Mirror,Samantha Shannon,Length: 19 hrs and 15 mins,"Mozilla/5.0 (Windows NT 10.0; Win64; x64) AppleWebKit/537.36 (KHTML, like Gecko) Chrome/133.0.0.0 Safari/537.36"
What Kind of Mother,Anna-Lou Weatherley,Length: 11 hrs and 23 mins,"Mozilla/5.0 (Windows NT 10.0; Win64; x64) AppleWebKit/537.36 (KHTML, like Gecko) Chrome/133.0.0.0 Safari/537.36"
"Medical Medium Angels, Demons & Spiritual Tools",Anthony William,Length: 7 hrs and 30 mins,"Mozilla/5.0 (Windows NT 10.0; Win64; x64) AppleWebKit/537.36 (KHTML, like Gecko) Chrome/133.0.0.0 Safari/537.36"
Stone and Sky,Ben Aaronovitch,Length: 10 hrs,"Mozilla/5.0 (Windows NT 10.0; Win64; x64) AppleWebKit/537.36 (KHTML, like Gecko) Chrome/133.0.0.0 Safari/537.36"
Ghostsong,pirateaba,Length: 21 hrs and 39 mins,"Mozilla/5.0 (Windows NT 10.0; Win64; x64) AppleWebKit/537.36 (KHTML, like Gecko) Chrome/133.0.0.0 Safari/537.36"
Mastering Code,James Gabriel,Length: 1 hr and 37 mins,"Mozilla/5.0 (Windows NT 10.0; Win64; x64) AppleWebKit/537.36 (KHTML, like Gecko) Chrome/133.0.0.0 Safari/537.36"
The Lost Bloodline,M. Tress,Length: 13 hrs and 11 mins,"Mozilla/5.0 (Windows NT 10.0; Win64; x64) AppleWebKit/537.36 (KHTML, like Gecko) Chrome/133.0.0.0 Safari/537.36"
The Secret of Secrets,Dan Brown,Length: Not Yet Known,"Mozilla/5.0 (Windows NT 10.0; Win64; x64) AppleWebKit/537.36 (KHTML, like Gecko) Chrome/133.0.0.0 Safari/537.36"
The Children of Eve,John Connolly,Length: 7 hrs and 20 mins,"Mozilla/5.0 (Windows NT 10.0; Win64; x64) AppleWebKit/537.36 (KHTML, like Gecko) Chrome/133.0.0.0 Safari/537.36"
45 Things To Do Before You're 45: A Novel,Julia Tuffs,Length: 9 hrs and 57 mins,"Mozilla/5.0 (Windows NT 10.0; Win64; x64) AppleWebKit/537.36 (KHTML, like Gecko) Chrome/133.0.0.0 Safari/537.36"
The Marlow Murder Club 5,Robert Thorogood,Length: 9 hrs and 23 mins,"Mozilla/5.0 (Windows NT 10.0; Win64; x64) AppleWebKit/537.36 (KHTML, like Gecko) Chrome/133.0.0.0 Safari/537.36"
Judas the Hero,Martin Davey,Length: 8 hrs and 46 mins,"Mozilla/5.0 (Windows NT 10.0; Win64; x64) AppleWebKit/537.36 (KHTML, like Gecko) Chrome/133.0.0.0 Safari/537.36"
The Last Guy on Earth,Sarina Bowen,Length: 9 hrs and 17 mins,"Mozilla/5.0 (Windows NT 10.0; Win64; x64) AppleWebKit/537.36 (KHTML, like Gecko) Chrome/133.0.0.0 Safari/537.36"
Ungovernable,Simon Hart,Length: 10 hrs and 6 mins,"Mozilla/5.0 (Windows NT 10.0; Win64; x64) AppleWebKit/537.36 (KHTML, like Gecko) Chrome/133.0.0.0 Safari/537.36"
The Next Conversation,Jefferson Fisher,Length: Not Yet Known,"Mozilla/5.0 (Windows NT 10.0; Win64; x64) AppleWebKit/537.36 (KHTML, like Gecko) Chrome/133.0.0.0 Safari/537.36"
I'm Sorry I Haven't a Clue Treasury,BBC Radio Comedy,Length: 18 hrs and 38 mins,"Mozilla/5.0 (Windows NT 10.0; Win64; x64) AppleWebKit/537.36 (KHTML, like Gecko) Chrome/133.0.0.0 Safari/537.36"
Curious Under the Stars,"Annamaria Murphy,Alan Harris,Meic Povey",Length: 14 hrs and 30 mins,"Mozilla/5.0 (Windows NT 10.0; Win64; x64) AppleWebKit/537.36 (KHTML, like Gecko) Chrome/133.0.0.0 Safari/537.36"
Financial Literacy for Kids Decoded,FutureMinds Academy,Length: 3 hrs and 43 mins,"Mozilla/5.0 (Windows NT 10.0; Win64; x64) AppleWebKit/537.36 (KHTML, like Gecko) Chrome/133.0.0.0 Safari/537.36"
Under a Pink Sky,Esther Ghey,Length: 8 hrs and 33 mins,"Mozilla/5.0 (Windows NT 10.0; Win64; x64) AppleWebKit/537.36 (KHTML, like Gecko) Chrome/133.0.0.0 Safari/537.36"
Dream Count,Chimamanda Ngozi Adichie,Length: 8 hrs and 6 mins,"Mozilla/5.0 (Windows NT 10.0; Win64; x64) AppleWebKit/537.36 (KHTML, like Gecko) Chrome/133.0.0.0 Safari/537.36"
Sherlock Holmes: The Definitive Collection,"Stephen Fry - introductions,Arthur Conan Doyle",Length: 71 hrs and 57 mins,"Mozilla/5.0 (Windows NT 10.0; Win64; x64) AppleWebKit/537.36 (KHTML, like Gecko) Chrome/133.0.0.0 Safari/537.36"
The Drummer's Heart,Penelope Ward,Length: 8 hrs and 16 mins,"Mozilla/5.0 (Windows NT 10.0; Win64; x64) AppleWebKit/537.36 (KHTML, like Gecko) Chrome/133.0.0.0 Safari/537.36"
Marble Hall Murders,Anthony Horowitz,Length: Not Yet Known,"Mozilla/5.0 (Windows NT 10.0; Win64; x64) AppleWebKit/537.36 (KHTML, like Gecko) Chrome/133.0.0.0 Safari/537.36"
Love Landmines,Kara Kent,Length: 1 hr and 37 mins,"Mozilla/5.0 (Windows NT 10.0; Win64; x64) AppleWebKit/537.36 (KHTML, like Gecko) Chrome/133.0.0.0 Safari/537.36"
Toxic,Nicole Blanchard,Length: 7 hrs and 18 mins,"Mozilla/5.0 (Windows NT 10.0; Win64; x64) AppleWebKit/537.36 (KHTML, like Gecko) Chrome/133.0.0.0 Safari/537.36"
Sunrise on the Reaping,Suzanne Collins,Length: Not Yet Known,"Mozilla/5.0 (Windows NT 10.0; Win64; x64) AppleWebKit/537.36 (KHTML, like Gecko) Chrome/133.0.0.0 Safari/537.36"
My Son's Girlfriend,Kerry Wilkinson,Length: 9 hrs,"Mozilla/5.0 (Windows NT 10.0; Win64; x64) AppleWebKit/537.36 (KHTML, like Gecko) Chrome/133.0.0.0 Safari/537.36"
For Whom the Belle Tolls,Jaysea Lynn,Length: 12 hrs,"Mozilla/5.0 (Windows NT 10.0; Win64; x64) AppleWebKit/537.36 (KHTML, like Gecko) Chrome/133.0.0.0 Safari/537.36"
Midnight Black,Mark Greaney,Length: Not Yet Known,"Mozilla/5.0 (Windows NT 10.0; Win64; x64) AppleWebKit/537.36 (KHTML, like Gecko) Chrome/133.0.0.0 Safari/537.36"
The Snowball Effect,Haley Cass,Length: 19 hrs,"Mozilla/5.0 (Windows NT 10.0; Win64; x64) AppleWebKit/537.36 (KHTML, like Gecko) Chrome/133.0.0.0 Safari/537.36"
From the Oasthouse: The Alan Partridge Podcast (Series 1),Alan Partridge,Length: 6 hrs and 44 mins,"Mozilla/5.0 (Windows NT 10.0; Win64; x64) AppleWebKit/537.36 (KHTML, like Gecko) Chrome/133.0.0.0 Safari/537.36"
Get In,"Patrick Maguire,Gabriel Pogrund",Length: 20 hrs and 2 mins,"Mozilla/5.0 (Windows NT 10.0; Win64; x64) AppleWebKit/537.36 (KHTML, like Gecko) Chrome/133.0.0.0 Safari/537.36"
Fundamentally,Nussaibah Younis,Length: 9 hrs and 41 mins,"Mozilla/5.0 (Windows NT 10.0; Win64; x64) AppleWebKit/537.36 (KHTML, like Gecko) Chrome/133.0.0.0 Safari/537.36"
The Grandmother,Jane E. James,Length: 8 hrs and 39 mins,"Mozilla/5.0 (Windows NT 10.0; Win64; x64) AppleWebKit/537.36 (KHTML, like Gecko) Chrome/133.0.0.0 Safari/537.36"
The Rebel Witch,Kristen Ciccarelli,Length: 13 hrs and 43 mins,"Mozilla/5.0 (Windows NT 10.0; Win64; x64) AppleWebKit/537.36 (KHTML, like Gecko) Chrome/133.0.0.0 Safari/537.36"
Promise Me Forever,Sadie Kincaid,Length: 12 hrs and 17 mins,"Mozilla/5.0 (Windows NT 10.0; Win64; x64) AppleWebKit/537.36 (KHTML, like Gecko) Chrome/133.0.0.0 Safari/537.36"
Playing Mr. Perfect: Clay Braden,Melissa Foster,Length: 11 hrs and 36 mins,"Mozilla/5.0 (Windows NT 10.0; Win64; x64) AppleWebKit/537.36 (KHTML, like Gecko) Chrome/133.0.0.0 Safari/537.36"
Death at Horsey Mere,Ross Greenwood,Length: 11 hrs and 32 mins,"Mozilla/5.0 (Windows NT 10.0; Win64; x64) AppleWebKit/537.36 (KHTML, like Gecko) Chrome/133.0.0.0 Safari/537.36"
Verminslayer,David Guymer,Length: 9 hrs and 33 mins,"Mozilla/5.0 (Windows NT 10.0; Win64; x64) AppleWebKit/537.36 (KHTML, like Gecko) Chrome/133.0.0.0 Safari/537.36"
Exit Strategy,"Lee Child,Andrew Child",Length: Not Yet Known,"Mozilla/5.0 (Windows NT 10.0; Win64; x64) AppleWebKit/537.36 (KHTML, like Gecko) Chrome/133.0.0.0 Safari/537.36"
Murder on the Cornish Coast,Helena Dixon,Length: 7 hrs and 27 mins,"Mozilla/5.0 (Windows NT 10.0; Win64; x64) AppleWebKit/537.36 (KHTML, like Gecko) Chrome/133.0.0.0 Safari/537.36"
Stop Sh*tting Yourself,Sam Delaney,Length: 6 hrs and 37 mins,"Mozilla/5.0 (Windows NT 10.0; Win64; x64) AppleWebKit/537.36 (KHTML, like Gecko) Chrome/133.0.0.0 Safari/537.36"
We Could Do This Forever,Emerson Beckett,Length: 8 hrs and 27 mins,"Mozilla/5.0 (Windows NT 10.0; Win64; x64) AppleWebKit/537.36 (KHTML, like Gecko) Chrome/133.0.0.0 Safari/537.36"
Deepseek AI Side Hustle,Peter Drake,Length: 3 hrs and 4 mins,"Mozilla/5.0 (Windows NT 10.0; Win64; x64) AppleWebKit/537.36 (KHTML, like Gecko) Chrome/133.0.0.0 Safari/537.36"
You Killed Me First,John Marrs,Length: 9 hrs and 44 mins,"Mozilla/5.0 (Windows NT 10.0; Win64; x64) AppleWebKit/537.36 (KHTML, like Gecko) Chrome/133.0.0.0 Safari/537.36"
The Day She Disappeared,Sam Genever,Length: 10 hrs and 32 mins,"Mozilla/5.0 (Windows NT 10.0; Win64; x64) AppleWebKit/537.36 (KHTML, like Gecko) Chrome/133.0.0.0 Safari/537.36"
The Storyteller,Jodi Picoult,Length: 18 hrs and 13 mins,"Mozilla/5.0 (Windows NT 10.0; Win64; x64) AppleWebKit/537.36 (KHTML, like Gecko) Chrome/133.0.0.0 Safari/537.36"
Untouchable Jimmy Savile,Shaun Attwood,Length: 9 hrs and 3 mins,"Mozilla/5.0 (Windows NT 10.0; Win64; x64) AppleWebKit/537.36 (KHTML, like Gecko) Chrome/133.0.0.0 Safari/537.36"
Fahrenheit-182,Mark Hoppus,Length: 10 hrs,"Mozilla/5.0 (Windows NT 10.0; Win64; x64) AppleWebKit/537.36 (KHTML, like Gecko) Chrome/133.0.0.0 Safari/537.36"
Prisoners of Geography,Tim Marshall,Length: 12 hrs,"Mozilla/5.0 (Windows NT 10.0; Win64; x64) AppleWebKit/537.36 (KHTML, like Gecko) Chrome/133.0.0.0 Safari/537.36"
Shroud,Adrian Tchaikovsky,Length: 14 hrs and 36 mins,"Mozilla/5.0 (Windows NT 10.0; Win64; x64) AppleWebKit/537.36 (KHTML, like Gecko) Chrome/133.0.0.0 Safari/537.36"
Zealot's Eleventh Crusade,A. F. Kay,Length: 15 hrs and 6 mins,"Mozilla/5.0 (Windows NT 10.0; Win64; x64) AppleWebKit/537.36 (KHTML, like Gecko) Chrome/133.0.0.0 Safari/537.36"
Ring the Bells,C. K. McDonnell,Length: Not Yet Known,"Mozilla/5.0 (Windows NT 10.0; Win64; x64) AppleWebKit/537.36 (KHTML, like Gecko) Chrome/133.0.0.0 Safari/537.36"
On Democracies and Death Cults,Douglas Murray,Length: 8 hrs and 32 mins,"Mozilla/5.0 (Windows NT 10.0; Win64; x64) AppleWebKit/537.36 (KHTML, like Gecko) Chrome/133.0.0.0 Safari/537.36"
Poison Garden,L J Ross,Length: 8 hrs and 1 min,"Mozilla/5.0 (Windows NT 10.0; Win64; x64) AppleWebKit/537.36 (KHTML, like Gecko) Chrome/133.0.0.0 Safari/537.36"
The Dick Francis BBC Radio Drama Collection,Dick Francis,Length: 13 hrs and 27 mins,"Mozilla/5.0 (Windows NT 10.0; Win64; x64) AppleWebKit/537.36 (KHTML, like Gecko) Chrome/133.0.0.0 Safari/537.36"
The Dispatcher,Ryan David Jahn,Length: 10 hrs and 38 mins,"Mozilla/5.0 (Windows NT 10.0; Win64; x64) AppleWebKit/537.36 (KHTML, like Gecko) Chrome/133.0.0.0 Safari/537.36"
Invite the Wolf,Iain Rob Wright,Length: 7 hrs and 14 mins,"Mozilla/5.0 (Windows NT 10.0; Win64; x64) AppleWebKit/537.36 (KHTML, like Gecko) Chrome/133.0.0.0 Safari/537.36"
The Bermondsey Bookshop,Mary Gibson,Length: 13 hrs and 48 mins,"Mozilla/5.0 (Windows NT 10.0; Win64; x64) AppleWebKit/537.36 (KHTML, like Gecko) Chrome/133.0.0.0 Safari/537.36"
Star Wars: The Mask of Fear,Alexander Freed,Length: 16 hrs and 51 mins,"Mozilla/5.0 (Windows NT 10.0; Win64; x64) AppleWebKit/537.36 (KHTML, like Gecko) Chrome/133.0.0.0 Safari/537.36"
Untitled Thursday Murder Club 5,Richard Osman,Length: Not Yet Known,"Mozilla/5.0 (Windows NT 10.0; Win64; x64) AppleWebKit/537.36 (KHTML, like Gecko) Chrome/133.0.0.0 Safari/537.36"
Caught Up,Navessa Allen,Length: 10 hrs,"Mozilla/5.0 (Windows NT 10.0; Win64; x64) AppleWebKit/537.36 (KHTML, like Gecko) Chrome/133.0.0.0 Safari/537.36"
"The Undead, Part 29",R.R. Haywood,Length: 11 hrs and 41 mins,"Mozilla/5.0 (Windows NT 10.0; Win64; x64) AppleWebKit/537.36 (KHTML, like Gecko) Chrome/133.0.0.0 Safari/537.36"
Paper Roses,Lily Morton,Length: 9 hrs and 39 mins,"Mozilla/5.0 (Windows NT 10.0; Win64; x64) AppleWebKit/537.36 (KHTML, like Gecko) Chrome/133.0.0.0 Safari/537.36"
Poetry on Ice,Jesse H Reign,Length: 8 hrs and 50 mins,"Mozilla/5.0 (Windows NT 10.0; Win64; x64) AppleWebKit/537.36 (KHTML, like Gecko) Chrome/133.0.0.0 Safari/537.36"
Savage Awakening 4,Adastra339,Length: 20 hrs and 2 mins,"Mozilla/5.0 (Windows NT 10.0; Win64; x64) AppleWebKit/537.36 (KHTML, like Gecko) Chrome/133.0.0.0 Safari/537.36"
Confidence,Roxie Nafousi,Length: 6 hrs and 13 mins,"Mozilla/5.0 (Windows NT 10.0; Win64; x64) AppleWebKit/537.36 (KHTML, like Gecko) Chrome/133.0.0.0 Safari/537.36"
Enchanting Bedtime Stories for Stressed Out Adults,Kelly Robins,Length: 6 hrs,"Mozilla/5.0 (Windows NT 10.0; Win64; x64) AppleWebKit/537.36 (KHTML, like Gecko) Chrome/133.0.0.0 Safari/537.36"
David Copperfield,Charles Dickens,Length: 36 hrs and 30 mins,"Mozilla/5.0 (Windows NT 10.0; Win64; x64) AppleWebKit/537.36 (KHTML, like Gecko) Chrome/133.0.0.0 Safari/537.36"
Transmuting Suffering into Peace,Eckhart Tolle,Length: 3 hrs and 7 mins,"Mozilla/5.0 (Windows NT 10.0; Win64; x64) AppleWebKit/537.36 (KHTML, like Gecko) Chrome/133.0.0.0 Safari/537.36"
The Murder Bag,Tony Parsons,Length: 9 hrs and 55 mins,"Mozilla/5.0 (Windows NT 10.0; Win64; x64) AppleWebKit/537.36 (KHTML, like Gecko) Chrome/133.0.0.0 Safari/537.36"
Until Death Do Us Part,Jack Cartwright,Length: 13 hrs and 47 mins,"Mozilla/5.0 (Windows NT 10.0; Win64; x64) AppleWebKit/537.36 (KHTML, like Gecko) Chrome/133.0.0.0 Safari/537.36"
Misdirected,Lucy Parker,Length: 10 hrs and 13 mins,"Mozilla/5.0 (Windows NT 10.0; Win64; x64) AppleWebKit/537.36 (KHTML, like Gecko) Chrome/133.0.0.0 Safari/537.36"
The Graveyard Bell,Andrew James Greig,Length: 9 hrs and 14 mins,"Mozilla/5.0 (Windows NT 10.0; Win64; x64) AppleWebKit/537.36 (KHTML, like Gecko) Chrome/133.0.0.0 Safari/537.36"
"I Love You, Byeee",Adam Buxton,Length: 9 hrs and 23 mins,"Mozilla/5.0 (Windows NT 10.0; Win64; x64) AppleWebKit/537.36 (KHTML, like Gecko) Chrome/133.0.0.0 Safari/537.36"
Poirot's Finest Cases,Agatha Christie,Length: 15 hrs and 37 mins,"Mozilla/5.0 (Windows NT 10.0; Win64; x64) AppleWebKit/537.36 (KHTML, like Gecko) Chrome/133.0.0.0 Safari/537.36"
The Weight's Over - Take Back Control,Sandra Roycroft-Davis,Length: 10 hrs,"Mozilla/5.0 (Windows NT 10.0; Win64; x64) AppleWebKit/537.36 (KHTML, like Gecko) Chrome/133.0.0.0 Safari/537.36"
God of Fury,Rina Kent,Length: 15 hrs and 59 mins,"Mozilla/5.0 (Windows NT 10.0; Win64; x64) AppleWebKit/537.36 (KHTML, like Gecko) Chrome/133.0.0.0 Safari/537.36"
Stress-Free Communication Skills for Couples,Sophia Simone,Length: 3 hrs and 37 mins,"Mozilla/5.0 (Windows NT 10.0; Win64; x64) AppleWebKit/537.36 (KHTML, like Gecko) Chrome/133.0.0.0 Safari/537.36"
Cryptocurrency Investing for Beginners,Arthur Bell,Length: 3 hrs and 48 mins,"Mozilla/5.0 (Windows NT 10.0; Win64; x64) AppleWebKit/537.36 (KHTML, like Gecko) Chrome/133.0.0.0 Safari/537.36"
The Autobiography Collection,"Benjamin Franklin,Nikola Tesla,Theodore Roosevelt,Henry Ford,Andrew Carnegie,Ulysses S. Grant,John D. Rockefeller,Charles Darwin,Frederick Douglass",Length: 86 hrs and 46 mins,"Mozilla/5.0 (Windows NT 10.0; Win64; x64) AppleWebKit/537.36 (KHTML, like Gecko) Chrome/133.0.0.0 Safari/537.36"
Off the Grid: EMP Survival in a Powerless World Boxset,"Robert J. Walker,James Hunt",Length: 22 hrs and 26 mins,"Mozilla/5.0 (Windows NT 10.0; Win64; x64) AppleWebKit/537.36 (KHTML, like Gecko) Chrome/133.0.0.0 Safari/537.36"
Wolf Hall,Hilary Mantel,Length: 24 hrs and 15 mins,"Mozilla/5.0 (Windows NT 10.0; Win64; x64) AppleWebKit/537.36 (KHTML, like Gecko) Chrome/133.0.0.0 Safari/537.36"
True Crime Case Histories: Massive 15-Book Collection,Jason Neal,Length: 65 hrs and 33 mins,"Mozilla/5.0 (Windows NT 10.0; Win64; x64) AppleWebKit/537.36 (KHTML, like Gecko) Chrome/133.0.0.0 Safari/537.36"
Sweet Sorrow,David Nicholls,Length: 13 hrs and 5 mins,"Mozilla/5.0 (Windows NT 10.0; Win64; x64) AppleWebKit/537.36 (KHTML, like Gecko) Chrome/133.0.0.0 Safari/537.36"
The Path of Ascension 8,C. Mantis,Length: 27 hrs and 23 mins,"Mozilla/5.0 (Windows NT 10.0; Win64; x64) AppleWebKit/537.36 (KHTML, like Gecko) Chrome/133.0.0.0 Safari/537.36"
Murder in the Valleys,Pippa McCathie,Length: 7 hrs and 49 mins,"Mozilla/5.0 (Windows NT 10.0; Win64; x64) AppleWebKit/537.36 (KHTML, like Gecko) Chrome/133.0.0.0 Safari/537.36"
Why Does E=MC2 and Why Should We Care,"Brian Cox,Jeff Forshaw",Length: 7 hrs and 3 mins,"Mozilla/5.0 (Windows NT 10.0; Win64; x64) AppleWebKit/537.36 (KHTML, like Gecko) Chrome/133.0.0.0 Safari/537.36"
Heroes,Stephen Fry,Length: 15 hrs and 10 mins,"Mozilla/5.0 (Windows NT 10.0; Win64; x64) AppleWebKit/537.36 (KHTML, like Gecko) Chrome/133.0.0.0 Safari/537.36"
"Harry Potter and the Chamber of Secrets, Book 2",J.K. Rowling,Length: 9 hrs and 43 mins,"Mozilla/5.0 (Windows NT 10.0; Win64; x64) AppleWebKit/537.36 (KHTML, like Gecko) Chrome/133.0.0.0 Safari/537.36"
The Next Chapters,Haley Cass,Length: 4 hrs and 38 mins,"Mozilla/5.0 (Windows NT 10.0; Win64; x64) AppleWebKit/537.36 (KHTML, like Gecko) Chrome/133.0.0.0 Safari/537.36"
Mindfulness for Blokes,Chris Thomas,Length: 3 hrs and 36 mins,"Mozilla/5.0 (Windows NT 10.0; Win64; x64) AppleWebKit/537.36 (KHTML, like Gecko) Chrome/133.0.0.0 Safari/537.36"
The Devils,Joe Abercrombie,Length: 25 hrs and 7 mins,"Mozilla/5.0 (Windows NT 10.0; Win64; x64) AppleWebKit/537.36 (KHTML, like Gecko) Chrome/133.0.0.0 Safari/537.36"
Mr. Swoony,Piper Rayne,Length: 8 hrs and 40 mins,"Mozilla/5.0 (Windows NT 10.0; Win64; x64) AppleWebKit/537.36 (KHTML, like Gecko) Chrome/133.0.0.0 Safari/537.36"
Grown Ups,Marian Keyes,Length: 17 hrs and 3 mins,"Mozilla/5.0 (Windows NT 10.0; Win64; x64) AppleWebKit/537.36 (KHTML, like Gecko) Chrome/133.0.0.0 Safari/537.36"
Unhinged,"Thomas Enger,Jørn Lier Horst",Length: 10 hrs and 32 mins,"Mozilla/5.0 (Windows NT 10.0; Win64; x64) AppleWebKit/537.36 (KHTML, like Gecko) Chrome/133.0.0.0 Safari/537.36"
Garden of Sanctuary,pirateaba,Length: 32 hrs and 59 mins,"Mozilla/5.0 (Windows NT 10.0; Win64; x64) AppleWebKit/537.36 (KHTML, like Gecko) Chrome/133.0.0.0 Safari/537.36"
Alan Partridge: Big Beacon,Alan Partridge,Length: 7 hrs and 53 mins,"Mozilla/5.0 (Windows NT 10.0; Win64; x64) AppleWebKit/537.36 (KHTML, like Gecko) Chrome/133.0.0.0 Safari/537.36"
Pride and Prejudice,Jane Austen,Length: 11 hrs and 35 mins,"Mozilla/5.0 (Windows NT 10.0; Win64; x64) AppleWebKit/537.36 (KHTML, like Gecko) Chrome/133.0.0.0 Safari/537.36"
"Harry Potter and the Prisoner of Azkaban, Book 3",J.K. Rowling,Length: 12 hrs and 3 mins,"Mozilla/5.0 (Windows NT 10.0; Win64; x64) AppleWebKit/537.36 (KHTML, like Gecko) Chrome/133.0.0.0 Safari/537.36"
The Long Shoe,Bob Mortimer,Length: 10 hrs,"Mozilla/5.0 (Windows NT 10.0; Win64; x64) AppleWebKit/537.36 (KHTML, like Gecko) Chrome/133.0.0.0 Safari/537.36"
Lancaster and York,Alison Weir,Length: 22 hrs and 9 mins,"Mozilla/5.0 (Windows NT 10.0; Win64; x64) AppleWebKit/537.36 (KHTML, like Gecko) Chrome/133.0.0.0 Safari/537.36"
Enemy Feminisms,Sophie Lewis,Length: 11 hrs and 15 mins,"Mozilla/5.0 (Windows NT 10.0; Win64; x64) AppleWebKit/537.36 (KHTML, like Gecko) Chrome/133.0.0.0 Safari/537.36"
How to Love Better,Yung Pueblo,Length: Not Yet Known,"Mozilla/5.0 (Windows NT 10.0; Win64; x64) AppleWebKit/537.36 (KHTML, like Gecko) Chrome/133.0.0.0 Safari/537.36"
The Leopard in My House,Mark Steel,Length: 6 hrs and 36 mins,"Mozilla/5.0 (Windows NT 10.0; Win64; x64) AppleWebKit/537.36 (KHTML, like Gecko) Chrome/133.0.0.0 Safari/537.36"
Crime on the Fens,Joy Ellis,Length: 7 hrs and 13 mins,"Mozilla/5.0 (Windows NT 10.0; Win64; x64) AppleWebKit/537.36 (KHTML, like Gecko) Chrome/133.0.0.0 Safari/537.36"
The Primal of Blood and Bone,Jennifer L. Armentrout,Length: 24 hrs,"Mozilla/5.0 (Windows NT 10.0; Win64; x64) AppleWebKit/537.36 (KHTML, like Gecko) Chrome/133.0.0.0 Safari/537.36"
The Secret of Excalibur,Andy McDermott,Length: 14 hrs and 10 mins,"Mozilla/5.0 (Windows NT 10.0; Win64; x64) AppleWebKit/537.36 (KHTML, like Gecko) Chrome/133.0.0.0 Safari/537.36"
More of Poirot's Finest Cases,Agatha Christie,Length: 13 hrs and 27 mins,"Mozilla/5.0 (Windows NT 10.0; Win64; x64) AppleWebKit/537.36 (KHTML, like Gecko) Chrome/133.0.0.0 Safari/537.36"
Who Let The Gods Out?,Maz Evans,Length: 7 hrs and 16 mins,"Mozilla/5.0 (Windows NT 10.0; Win64; x64) AppleWebKit/537.36 (KHTML, like Gecko) Chrome/133.0.0.0 Safari/537.36"
My Bloody Valentine,Mila Crawford,Length: 2 hrs and 7 mins,"Mozilla/5.0 (Windows NT 10.0; Win64; x64) AppleWebKit/537.36 (KHTML, like Gecko) Chrome/133.0.0.0 Safari/537.36"
The Time Traveler's Wife,Audrey Niffenegger,Length: 17 hrs and 38 mins,"Mozilla/5.0 (Windows NT 10.0; Win64; x64) AppleWebKit/537.36 (KHTML, like Gecko) Chrome/133.0.0.0 Safari/537.36"
"Harry Potter and the Deathly Hallows, Book 7",J.K. Rowling,Length: 23 hrs and 59 mins,"Mozilla/5.0 (Windows NT 10.0; Win64; x64) AppleWebKit/537.36 (KHTML, like Gecko) Chrome/133.0.0.0 Safari/537.36"
The Fellowship of the Ring,J. R.R. Tolkien,Length: 19 hrs and 53 mins,"Mozilla/5.0 (Windows NT 10.0; Win64; x64) AppleWebKit/537.36 (KHTML, like Gecko) Chrome/133.0.0.0 Safari/537.36"
Mansfield Park,Jane Austen,Length: 14 hrs and 45 mins,"Mozilla/5.0 (Windows NT 10.0; Win64; x64) AppleWebKit/537.36 (KHTML, like Gecko) Chrome/133.0.0.0 Safari/537.36"
The 13th Paladin Boxed Set,"Torsten Weitze,Tim Casey - translator",Length: 43 hrs and 57 mins,"Mozilla/5.0 (Windows NT 10.0; Win64; x64) AppleWebKit/537.36 (KHTML, like Gecko) Chrome/133.0.0.0 Safari/537.36"
The Body in the Marsh,Nick Louth,Length: 12 hrs,"Mozilla/5.0 (Windows NT 10.0; Win64; x64) AppleWebKit/537.36 (KHTML, like Gecko) Chrome/133.0.0.0 Safari/537.36"
The Haunting of Starlight Manor,"Vincent Valentean,Marie Wilkens,Clay Wise",Length: 32 hrs and 21 mins,"Mozilla/5.0 (Windows NT 10.0; Win64; x64) AppleWebKit/537.36 (KHTML, like Gecko) Chrome/133.0.0.0 Safari/537.36"
"The Secret Diary of Adrian Mole, Aged 13 3/4",Sue Townsend,Length: 5 hrs and 16 mins,"Mozilla/5.0 (Windows NT 10.0; Win64; x64) AppleWebKit/537.36 (KHTML, like Gecko) Chrome/133.0.0.0 Safari/537.36"
Gideon the Ninth,Tamsyn Muir,Length: 16 hrs and 50 mins,"Mozilla/5.0 (Windows NT 10.0; Win64; x64) AppleWebKit/537.36 (KHTML, like Gecko) Chrome/133.0.0.0 Safari/537.36"
East of Eden,"John Steinbeck,David Wyatt - introduction",Length: 26 hrs and 43 mins,"Mozilla/5.0 (Windows NT 10.0; Win64; x64) AppleWebKit/537.36 (KHTML, like Gecko) Chrome/133.0.0.0 Safari/537.36"
House of Flame and Shadows (Part 2 of 2) (Dramatized Adaptation),Sarah J. Maas,Length: 12 hrs,"Mozilla/5.0 (Windows NT 10.0; Win64; x64) AppleWebKit/537.36 (KHTML, like Gecko) Chrome/133.0.0.0 Safari/537.36"
"Harry Potter and the Order of the Phoenix, Book 5",J.K. Rowling,Length: 29 hrs and 1 min,"Mozilla/5.0 (Windows NT 10.0; Win64; x64) AppleWebKit/537.36 (KHTML, like Gecko) Chrome/133.0.0.0 Safari/537.36"
The Little Lady Agency,Hester Browne,Length: 13 hrs and 30 mins,"Mozilla/5.0 (Windows NT 10.0; Win64; x64) AppleWebKit/537.36 (KHTML, like Gecko) Chrome/133.0.0.0 Safari/537.36"
A Kingdom of Flesh and Fire (Part 2 of 2) (Dramatized Adaptation),Jennifer L. Armentrout,Length: 9 hrs,"Mozilla/5.0 (Windows NT 10.0; Win64; x64) AppleWebKit/537.36 (KHTML, like Gecko) Chrome/133.0.0.0 Safari/537.36"
Medieval Myths & Mysteries,"Dorsey Armstrong,The Great Courses",Length: 5 hrs and 6 mins,"Mozilla/5.0 (Windows NT 10.0; Win64; x64) AppleWebKit/537.36 (KHTML, like Gecko) Chrome/133.0.0.0 Safari/537.36"
Rise of the Weakest Summoner: Volume X,J.R. Saileri,Length: 17 hrs and 39 mins,"Mozilla/5.0 (Windows NT 10.0; Win64; x64) AppleWebKit/537.36 (KHTML, like Gecko) Chrome/133.0.0.0 Safari/537.36"
Salt in the Wounds,Mark Richards,Length: 8 hrs and 45 mins,"Mozilla/5.0 (Windows NT 10.0; Win64; x64) AppleWebKit/537.36 (KHTML, like Gecko) Chrome/133.0.0.0 Safari/537.36"
Round the Horne: The Complete Series Four,Barry Took,Length: 9 hrs and 14 mins,"Mozilla/5.0 (Windows NT 10.0; Win64; x64) AppleWebKit/537.36 (KHTML, like Gecko) Chrome/133.0.0.0 Safari/537.36"
Me Before You,Jojo Moyes,Length: 16 hrs and 37 mins,"Mozilla/5.0 (Windows NT 10.0; Win64; x64) AppleWebKit/537.36 (KHTML, like Gecko) Chrome/133.0.0.0 Safari/537.36"
How to Sell Like Crazy on Facebook Marketplace (2024 Edition),Chika Njoku,Length: 1 hr and 6 mins,"Mozilla/5.0 (Windows NT 10.0; Win64; x64) AppleWebKit/537.36 (KHTML, like Gecko) Chrome/133.0.0.0 Safari/537.36"
A Court of Wings and Ruin,Sarah J. Maas,Length: 25 hrs and 9 mins,"Mozilla/5.0 (Windows NT 10.0; Win64; x64) AppleWebKit/537.36 (KHTML, like Gecko) Chrome/133.0.0.0 Safari/537.36"
"Harry Potter and the Goblet of Fire, Book 4",J.K. Rowling,Length: 20 hrs and 54 mins,"Mozilla/5.0 (Windows NT 10.0; Win64; x64) AppleWebKit/537.36 (KHTML, like Gecko) Chrome/133.0.0.0 Safari/537.36"
The Year of Magical Thinking,Joan Didion,Length: 1 hr and 28 mins,"Mozilla/5.0 (Windows NT 10.0; Win64; x64) AppleWebKit/537.36 (KHTML, like Gecko) Chrome/133.0.0.0 Safari/537.36"
Wild Side,Elsie Silver,Length: 12 hrs and 17 mins,"Mozilla/5.0 (Windows NT 10.0; Win64; x64) AppleWebKit/537.36 (KHTML, like Gecko) Chrome/133.0.0.0 Safari/537.36"
How to Stop Being Toxic,Thomas Ruggerio,Length: 4 hrs and 45 mins,"Mozilla/5.0 (Windows NT 10.0; Win64; x64) AppleWebKit/537.36 (KHTML, like Gecko) Chrome/133.0.0.0 Safari/537.36"
The Last Devil to Die,Richard Osman,Length: 10 hrs and 51 mins,"Mozilla/5.0 (Windows NT 10.0; Win64; x64) AppleWebKit/537.36 (KHTML, like Gecko) Chrome/133.0.0.0 Safari/537.36"
Phantom,Elle Menard,Length: 7 hrs and 56 mins,"Mozilla/5.0 (Windows NT 10.0; Win64; x64) AppleWebKit/537.36 (KHTML, like Gecko) Chrome/133.0.0.0 Safari/537.36"
David Copperfield,Charles Dickens,Length: 34 hrs and 33 mins,"Mozilla/5.0 (Windows NT 10.0; Win64; x64) AppleWebKit/537.36 (KHTML, like Gecko) Chrome/133.0.0.0 Safari/537.36"
Yes Minister & Yes Prime Minister - The Complete Audio Collection,"Antony Jay,Jonathan Lynn",Length: 18 hrs and 28 mins,"Mozilla/5.0 (Windows NT 10.0; Win64; x64) AppleWebKit/537.36 (KHTML, like Gecko) Chrome/133.0.0.0 Safari/537.36"
The Cartel,A P Bateman,Length: 7 hrs and 40 mins,"Mozilla/5.0 (Windows NT 10.0; Win64; x64) AppleWebKit/537.36 (KHTML, like Gecko) Chrome/133.0.0.0 Safari/537.36"
Fae and Fare,pirateaba,Length: 61 hrs and 4 mins,"Mozilla/5.0 (Windows NT 10.0; Win64; x64) AppleWebKit/537.36 (KHTML, like Gecko) Chrome/133.0.0.0 Safari/537.36"
Pride and Prejudice [Audible Studios],Jane Austen,Length: 12 hrs and 3 mins,"Mozilla/5.0 (Windows NT 10.0; Win64; x64) AppleWebKit/537.36 (KHTML, like Gecko) Chrome/133.0.0.0 Safari/537.36"
The Bible for Dummies,"Jeffrey Geoghegan,Michael Homan",Length: 18 hrs and 53 mins,"Mozilla/5.0 (Windows NT 10.0; Win64; x64) AppleWebKit/537.36 (KHTML, like Gecko) Chrome/133.0.0.0 Safari/537.36"
The Nazi Mind,Laurence Rees,Length: 14 hrs and 19 mins,"Mozilla/5.0 (Windows NT 10.0; Win64; x64) AppleWebKit/537.36 (KHTML, like Gecko) Chrome/133.0.0.0 Safari/537.36"
Summer Secrets at Duck Pond Cottage,Della Galton,Length: 8 hrs and 36 mins,"Mozilla/5.0 (Windows NT 10.0; Win64; x64) AppleWebKit/537.36 (KHTML, like Gecko) Chrome/133.0.0.0 Safari/537.36"
Never Flinch,Stephen King,Length: 10 hrs,"Mozilla/5.0 (Windows NT 10.0; Win64; x64) AppleWebKit/537.36 (KHTML, like Gecko) Chrome/133.0.0.0 Safari/537.36"
Middlemarch,George Eliot,Length: 32 hrs and 23 mins,"Mozilla/5.0 (Windows NT 10.0; Win64; x64) AppleWebKit/537.36 (KHTML, like Gecko) Chrome/133.0.0.0 Safari/537.36"
The First World War,Martin Gilbert,Length: 33 hrs and 34 mins,"Mozilla/5.0 (Windows NT 10.0; Win64; x64) AppleWebKit/537.36 (KHTML, like Gecko) Chrome/133.0.0.0 Safari/537.36"
Sherlock Holmes: The Complete BBC Collection,"Arthur Conan Doyle,Bert Coules",Length: 48 hrs and 33 mins,"Mozilla/5.0 (Windows NT 10.0; Win64; x64) AppleWebKit/537.36 (KHTML, like Gecko) Chrome/133.0.0.0 Safari/537.36"
The Mists of Avalon,Marion Zimmer Bradley,Length: 50 hrs and 53 mins,"Mozilla/5.0 (Windows NT 10.0; Win64; x64) AppleWebKit/537.36 (KHTML, like Gecko) Chrome/133.0.0.0 Safari/537.36"
The Suspect,Michael Robotham,Length: 12 hrs and 43 mins,"Mozilla/5.0 (Windows NT 10.0; Win64; x64) AppleWebKit/537.36 (KHTML, like Gecko) Chrome/133.0.0.0 Safari/537.36"
The Charlie Method,Elle Kennedy,Length: 15 hrs and 41 mins,"Mozilla/5.0 (Windows NT 10.0; Win64; x64) AppleWebKit/537.36 (KHTML, like Gecko) Chrome/133.0.0.0 Safari/537.36"
The Charlie Method,Elle Kennedy,Length: 15 hrs and 41 mins,"Mozilla/5.0 (Windows NT 10.0; Win64; x64) AppleWebKit/537.36 (KHTML, like Gecko) Chrome/133.0.0.0 Safari/537.36"
"Harry Potter and the Half-Blood Prince, Book 6",J.K. Rowling,Length: 20 hrs and 31 mins,"Mozilla/5.0 (Windows NT 10.0; Win64; x64) AppleWebKit/537.36 (KHTML, like Gecko) Chrome/133.0.0.0 Safari/537.36"
The Selfish Giant,Oscar Wilde,Length: 11 mins,"Mozilla/5.0 (Windows NT 10.0; Win64; x64) AppleWebKit/537.36 (KHTML, like Gecko) Chrome/133.0.0.0 Safari/537.36"
Mockingbird,Steve McElhenny,Length: 2 hrs and 40 mins,"Mozilla/5.0 (Windows NT 10.0; Win64; x64) AppleWebKit/537.36 (KHTML, like Gecko) Chrome/133.0.0.0 Safari/537.36"
Life in the Pitlane,Calum Nicholas,Length: 6 hrs and 32 mins,"Mozilla/5.0 (Windows NT 10.0; Win64; x64) AppleWebKit/537.36 (KHTML, like Gecko) Chrome/133.0.0.0 Safari/537.36"
Missing,K. L. Slater,Length: 10 hrs and 34 mins,"Mozilla/5.0 (Windows NT 10.0; Win64; x64) AppleWebKit/537.36 (KHTML, like Gecko) Chrome/133.0.0.0 Safari/537.36"
The Ash Lake Murders,Helen H. Durrant,Length: 7 hrs and 44 mins,"Mozilla/5.0 (Windows NT 10.0; Win64; x64) AppleWebKit/537.36 (KHTML, like Gecko) Chrome/133.0.0.0 Safari/537.36"
Ghost Stories: Stephen Fry's Definitive Collection,"Stephen Fry,Washington Irving,M.R. James,Amelia B. Edwards,Robert Louis Stevenson,Algernon Blackwood,Edgar Allan Poe,Charlotte Riddell,Bram Stoker",Length: 8 hrs and 18 mins,"Mozilla/5.0 (Windows NT 10.0; Win64; x64) AppleWebKit/537.36 (KHTML, like Gecko) Chrome/133.0.0.0 Safari/537.36"
The Pema Chodron Audio Collection,Pema Chödrön,Length: 7 hrs and 4 mins,"Mozilla/5.0 (Windows NT 10.0; Win64; x64) AppleWebKit/537.36 (KHTML, like Gecko) Chrome/133.0.0.0 Safari/537.36"
A Storm of Swords,George R.R. Martin,Length: 47 hrs and 32 mins,"Mozilla/5.0 (Windows NT 10.0; Win64; x64) AppleWebKit/537.36 (KHTML, like Gecko) Chrome/133.0.0.0 Safari/537.36"
My Perfect Daughter,Sarah Denzil,Length: 9 hrs and 58 mins,"Mozilla/5.0 (Windows NT 10.0; Win64; x64) AppleWebKit/537.36 (KHTML, like Gecko) Chrome/133.0.0.0 Safari/537.36"
A Court of Mist and Fury,Sarah J. Maas,Length: 23 hrs and 16 mins,"Mozilla/5.0 (Windows NT 10.0; Win64; x64) AppleWebKit/537.36 (KHTML, like Gecko) Chrome/133.0.0.0 Safari/537.36"
A Darker Shade of Magic,V. E. Schwab,Length: 11 hrs and 34 mins,"Mozilla/5.0 (Windows NT 10.0; Win64; x64) AppleWebKit/537.36 (KHTML, like Gecko) Chrome/133.0.0.0 Safari/537.36"
The Well of Ascension,Brandon Sanderson,Length: 29 hrs and 17 mins,"Mozilla/5.0 (Windows NT 10.0; Win64; x64) AppleWebKit/537.36 (KHTML, like Gecko) Chrome/133.0.0.0 Safari/537.36"
Anna Karenina,Leo Tolstoy,Length: 35 hrs and 35 mins,"Mozilla/5.0 (Windows NT 10.0; Win64; x64) AppleWebKit/537.36 (KHTML, like Gecko) Chrome/133.0.0.0 Safari/537.36"
Troubled Blood,Robert Galbraith,Length: 31 hrs and 51 mins,"Mozilla/5.0 (Windows NT 10.0; Win64; x64) AppleWebKit/537.36 (KHTML, like Gecko) Chrome/133.0.0.0 Safari/537.36"
Rebel World,B.V. Larson,Length: 13 hrs and 36 mins,"Mozilla/5.0 (Windows NT 10.0; Win64; x64) AppleWebKit/537.36 (KHTML, like Gecko) Chrome/133.0.0.0 Safari/537.36"
The Jane Austen Collection,Jane Austen,Length: 45 hrs,"Mozilla/5.0 (Windows NT 10.0; Win64; x64) AppleWebKit/537.36 (KHTML, like Gecko) Chrome/133.0.0.0 Safari/537.36"
Theft of Swords,Michael J. Sullivan,Length: 22 hrs and 38 mins,"Mozilla/5.0 (Windows NT 10.0; Win64; x64) AppleWebKit/537.36 (KHTML, like Gecko) Chrome/133.0.0.0 Safari/537.36"
A Court of Silver Flames,Sarah J. Maas,Length: 26 hrs and 5 mins,"Mozilla/5.0 (Windows NT 10.0; Win64; x64) AppleWebKit/537.36 (KHTML, like Gecko) Chrome/133.0.0.0 Safari/537.36"
Unnatural Causes,Dr Richard Shepherd,Length: 11 hrs and 46 mins,"Mozilla/5.0 (Windows NT 10.0; Win64; x64) AppleWebKit/537.36 (KHTML, like Gecko) Chrome/133.0.0.0 Safari/537.36"
Anne of Green Gables,Lucy Maud Montgomery,Length: 9 hrs and 22 mins,"Mozilla/5.0 (Windows NT 10.0; Win64; x64) AppleWebKit/537.36 (KHTML, like Gecko) Chrome/133.0.0.0 Safari/537.36"
A Demon's Horns,Marie Mistry,Length: 12 hrs and 38 mins,"Mozilla/5.0 (Windows NT 10.0; Win64; x64) AppleWebKit/537.36 (KHTML, like Gecko) Chrome/133.0.0.0 Safari/537.36"
My Pucking Crush,"Tori Chase,Deborah Garland",Length: 8 hrs and 28 mins,"Mozilla/5.0 (Windows NT 10.0; Win64; x64) AppleWebKit/537.36 (KHTML, like Gecko) Chrome/133.0.0.0 Safari/537.36"
Not That Kind of Girl,Lena Dunham,Length: 6 hrs and 9 mins,"Mozilla/5.0 (Windows NT 10.0; Win64; x64) AppleWebKit/537.36 (KHTML, like Gecko) Chrome/133.0.0.0 Safari/537.36"
Heresy,S. J. Parris,Length: 14 hrs and 52 mins,"Mozilla/5.0 (Windows NT 10.0; Win64; x64) AppleWebKit/537.36 (KHTML, like Gecko) Chrome/133.0.0.0 Safari/537.36"
Athens,Bruce Clark,Length: 19 hrs and 56 mins,"Mozilla/5.0 (Windows NT 10.0; Win64; x64) AppleWebKit/537.36 (KHTML, like Gecko) Chrome/133.0.0.0 Safari/537.36"
The Barn,"Rachel McLean,Joel Hames",Length: 7 hrs and 45 mins,"Mozilla/5.0 (Windows NT 10.0; Win64; x64) AppleWebKit/537.36 (KHTML, like Gecko) Chrome/133.0.0.0 Safari/537.36"
Unruly,David Mitchell,Length: 11 hrs and 39 mins,"Mozilla/5.0 (Windows NT 10.0; Win64; x64) AppleWebKit/537.36 (KHTML, like Gecko) Chrome/133.0.0.0 Safari/537.36"
The Dungeon Anarchist's Cookbook,Matt Dinniman,Length: 16 hrs and 54 mins,"Mozilla/5.0 (Windows NT 10.0; Win64; x64) AppleWebKit/537.36 (KHTML, like Gecko) Chrome/133.0.0.0 Safari/537.36"
The Burnout,Sophie Kinsella,Length: 12 hrs and 20 mins,"Mozilla/5.0 (Windows NT 10.0; Win64; x64) AppleWebKit/537.36 (KHTML, like Gecko) Chrome/133.0.0.0 Safari/537.36"
P.G. Wodehouse Volume 1,P.G. Wodehouse,Length: 40 hrs and 37 mins,"Mozilla/5.0 (Windows NT 10.0; Win64; x64) AppleWebKit/537.36 (KHTML, like Gecko) Chrome/133.0.0.0 Safari/537.36"
The Tale of Peter Rabbit and Other Stories,Beatrix Potter,Length: 8 hrs and 40 mins,"Mozilla/5.0 (Windows NT 10.0; Win64; x64) AppleWebKit/537.36 (KHTML, like Gecko) Chrome/133.0.0.0 Safari/537.36"
My Secret Portal to a Fantasy World 4,D. Levesque,Length: 10 hrs and 4 mins,"Mozilla/5.0 (Windows NT 10.0; Win64; x64) AppleWebKit/537.36 (KHTML, like Gecko) Chrome/133.0.0.0 Safari/537.36"
The Monster Collection,"Mary Shelley,Bram Stoker,Robert Louis Stevenson,Maria Mellins,Peter Howell",Length: 30 hrs and 25 mins,"Mozilla/5.0 (Windows NT 10.0; Win64; x64) AppleWebKit/537.36 (KHTML, like Gecko) Chrome/133.0.0.0 Safari/537.36"
Protocols,Andrew Huberman,Length: Not Yet Known,"Mozilla/5.0 (Windows NT 10.0; Win64; x64) AppleWebKit/537.36 (KHTML, like Gecko) Chrome/133.0.0.0 Safari/537.36"
"Reality, Art and Illusion",Alan Watts,Length: 3 hrs and 30 mins,"Mozilla/5.0 (Windows NT 10.0; Win64; x64) AppleWebKit/537.36 (KHTML, like Gecko) Chrome/133.0.0.0 Safari/537.36"
Angel Maker,Morgan Greene,Length: 11 hrs and 49 mins,"Mozilla/5.0 (Windows NT 10.0; Win64; x64) AppleWebKit/537.36 (KHTML, like Gecko) Chrome/133.0.0.0 Safari/537.36"
The Beat Goes On,Ian Rankin,Length: 20 hrs and 27 mins,"Mozilla/5.0 (Windows NT 10.0; Win64; x64) AppleWebKit/537.36 (KHTML, like Gecko) Chrome/133.0.0.0 Safari/537.36"
The Life We Bury,Allen Eskens,Length: 8 hrs and 23 mins,"Mozilla/5.0 (Windows NT 10.0; Win64; x64) AppleWebKit/537.36 (KHTML, like Gecko) Chrome/133.0.0.0 Safari/537.36"
This Inevitable Ruin,Matt Dinniman,Length: 28 hrs and 40 mins,"Mozilla/5.0 (Windows NT 10.0; Win64; x64) AppleWebKit/537.36 (KHTML, like Gecko) Chrome/133.0.0.0 Safari/537.36"
The Book Therapy,C. K. Elim,Length: 4 hrs and 31 mins,"Mozilla/5.0 (Windows NT 10.0; Win64; x64) AppleWebKit/537.36 (KHTML, like Gecko) Chrome/133.0.0.0 Safari/537.36"
Why We Sleep,Matthew Walker,Length: 13 hrs and 31 mins,"Mozilla/5.0 (Windows NT 10.0; Win64; x64) AppleWebKit/537.36 (KHTML, like Gecko) Chrome/133.0.0.0 Safari/537.36"
The Woman in White,Wilkie Collins,Length: 24 hrs and 37 mins,"Mozilla/5.0 (Windows NT 10.0; Win64; x64) AppleWebKit/537.36 (KHTML, like Gecko) Chrome/133.0.0.0 Safari/537.36"
Equal & Opposite,Dan Willis,Length: 11 hrs,"Mozilla/5.0 (Windows NT 10.0; Win64; x64) AppleWebKit/537.36 (KHTML, like Gecko) Chrome/133.0.0.0 Safari/537.36"
Mage Academy 4,Kal Griffith,Length: 10 hrs and 25 mins,"Mozilla/5.0 (Windows NT 10.0; Win64; x64) AppleWebKit/537.36 (KHTML, like Gecko) Chrome/133.0.0.0 Safari/537.36"
Heartless,Casey Kelleher,Length: 8 hrs and 15 mins,"Mozilla/5.0 (Windows NT 10.0; Win64; x64) AppleWebKit/537.36 (KHTML, like Gecko) Chrome/133.0.0.0 Safari/537.36"
The Maze Runner,James Dashner,Length: 10 hrs and 50 mins,"Mozilla/5.0 (Windows NT 10.0; Win64; x64) AppleWebKit/537.36 (KHTML, like Gecko) Chrome/133.0.0.0 Safari/537.36"
The Thursday Murder Club,Richard Osman,Length: 12 hrs and 25 mins,"Mozilla/5.0 (Windows NT 10.0; Win64; x64) AppleWebKit/537.36 (KHTML, like Gecko) Chrome/133.0.0.0 Safari/537.36"
French & Saunders Titting About (Series 4),"Dawn French,Jennifer Saunders",Length: 3 hrs and 10 mins,"Mozilla/5.0 (Windows NT 10.0; Win64; x64) AppleWebKit/537.36 (KHTML, like Gecko) Chrome/133.0.0.0 Safari/537.36"
Kid Normal,"Greg James,Chris Smith",Length: 6 hrs and 21 mins,"Mozilla/5.0 (Windows NT 10.0; Win64; x64) AppleWebKit/537.36 (KHTML, like Gecko) Chrome/133.0.0.0 Safari/537.36"
Cruise of the Damned,Chris Hilmi,Length: 1 hr and 31 mins,"Mozilla/5.0 (Windows NT 10.0; Win64; x64) AppleWebKit/537.36 (KHTML, like Gecko) Chrome/133.0.0.0 Safari/537.36"
The Man Who Died Twice,Richard Osman,Length: 12 hrs and 30 mins,"Mozilla/5.0 (Windows NT 10.0; Win64; x64) AppleWebKit/537.36 (KHTML, like Gecko) Chrome/133.0.0.0 Safari/537.36"
I Escaped from Auschwitz,"Rudolf Vrba,Alan Bestic,Sir Martin Gilbert - foreword,Robin Vrba - editor,Nikola Zimring - editor",Length: 17 hrs and 10 mins,"Mozilla/5.0 (Windows NT 10.0; Win64; x64) AppleWebKit/537.36 (KHTML, like Gecko) Chrome/133.0.0.0 Safari/537.36"
Bleak House,Charles Dickens,Length: 43 hrs and 12 mins,"Mozilla/5.0 (Windows NT 10.0; Win64; x64) AppleWebKit/537.36 (KHTML, like Gecko) Chrome/133.0.0.0 Safari/537.36"
Offside,Avery Keelan,Length: 17 hrs and 40 mins,"Mozilla/5.0 (Windows NT 10.0; Win64; x64) AppleWebKit/537.36 (KHTML, like Gecko) Chrome/133.0.0.0 Safari/537.36"
The Married Man,K.L. Slater,Length: 9 hrs and 40 mins,"Mozilla/5.0 (Windows NT 10.0; Win64; x64) AppleWebKit/537.36 (KHTML, like Gecko) Chrome/133.0.0.0 Safari/537.36"
Mating in Captivity,Esther Perel,Length: 8 hrs and 11 mins,"Mozilla/5.0 (Windows NT 10.0; Win64; x64) AppleWebKit/537.36 (KHTML, like Gecko) Chrome/133.0.0.0 Safari/537.36"
The Ultimate Beginner's Guide to Container and Raised Bed Gardening,Dawning Gayle,Length: 4 hrs and 11 mins,"Mozilla/5.0 (Windows NT 10.0; Win64; x64) AppleWebKit/537.36 (KHTML, like Gecko) Chrome/133.0.0.0 Safari/537.36"
The House of Doors,Tan Twan Eng,Length: 11 hrs and 15 mins,"Mozilla/5.0 (Windows NT 10.0; Win64; x64) AppleWebKit/537.36 (KHTML, like Gecko) Chrome/133.0.0.0 Safari/537.36"
Deep End,Ali Hazelwood,Length: 13 hrs and 46 mins,"Mozilla/5.0 (Windows NT 10.0; Win64; x64) AppleWebKit/537.36 (KHTML, like Gecko) Chrome/133.0.0.0 Safari/537.36"
Isaac Steele and the Forever Man,Daniel Rigby,Length: 7 hrs and 22 mins,"Mozilla/5.0 (Windows NT 10.0; Win64; x64) AppleWebKit/537.36 (KHTML, like Gecko) Chrome/133.0.0.0 Safari/537.36"
Quicksilver,Callie Hart,Length: 20 hrs and 41 mins,"Mozilla/5.0 (Windows NT 10.0; Win64; x64) AppleWebKit/537.36 (KHTML, like Gecko) Chrome/133.0.0.0 Safari/537.36"
Stella's Story,Louise Allen,Length: 8 hrs,"Mozilla/5.0 (Windows NT 10.0; Win64; x64) AppleWebKit/537.36 (KHTML, like Gecko) Chrome/133.0.0.0 Safari/537.36"
North and South,Elizabeth Gaskell,Length: 18 hrs and 20 mins,"Mozilla/5.0 (Windows NT 10.0; Win64; x64) AppleWebKit/537.36 (KHTML, like Gecko) Chrome/133.0.0.0 Safari/537.36"
Stokesby Grave,David Blake,Length: 6 hrs and 9 mins,"Mozilla/5.0 (Windows NT 10.0; Win64; x64) AppleWebKit/537.36 (KHTML, like Gecko) Chrome/133.0.0.0 Safari/537.36"
The Two Towers,J. R. R. Tolkien,Length: 20 hrs and 47 mins,"Mozilla/5.0 (Windows NT 10.0; Win64; x64) AppleWebKit/537.36 (KHTML, like Gecko) Chrome/133.0.0.0 Safari/537.36"
Other People's Houses,Clare Mackintosh,Length: 10 hrs and 21 mins,"Mozilla/5.0 (Windows NT 10.0; Win64; x64) AppleWebKit/537.36 (KHTML, like Gecko) Chrome/133.0.0.0 Safari/537.36"
Take Care,Lindsey Burrow,Length: 8 hrs and 24 mins,"Mozilla/5.0 (Windows NT 10.0; Win64; x64) AppleWebKit/537.36 (KHTML, like Gecko) Chrome/133.0.0.0 Safari/537.36"
Henry VIII: King and Court,Alison Weir,Length: 25 hrs and 41 mins,"Mozilla/5.0 (Windows NT 10.0; Win64; x64) AppleWebKit/537.36 (KHTML, like Gecko) Chrome/133.0.0.0 Safari/537.36"
Comeback,Rebecca Jenshak,Length: 10 hrs and 19 mins,"Mozilla/5.0 (Windows NT 10.0; Win64; x64) AppleWebKit/537.36 (KHTML, like Gecko) Chrome/133.0.0.0 Safari/537.36"
NIV Audio Bible in One Year Read by David Suchet,New International Version,Length: 86 hrs and 25 mins,"Mozilla/5.0 (Windows NT 10.0; Win64; x64) AppleWebKit/537.36 (KHTML, like Gecko) Chrome/133.0.0.0 Safari/537.36"
Always a Bridesmaid,"Erin Clark,Laura Lovely",Length: 7 hrs and 7 mins,"Mozilla/5.0 (Windows NT 10.0; Win64; x64) AppleWebKit/537.36 (KHTML, like Gecko) Chrome/133.0.0.0 Safari/537.36"
Leontus: Lord Solar,Rob Young,Length: 5 hrs and 44 mins,"Mozilla/5.0 (Windows NT 10.0; Win64; x64) AppleWebKit/537.36 (KHTML, like Gecko) Chrome/133.0.0.0 Safari/537.36"
Champion of the Apocalypse,Benjamin Wallace,Length: 8 hrs and 15 mins,"Mozilla/5.0 (Windows NT 10.0; Win64; x64) AppleWebKit/537.36 (KHTML, like Gecko) Chrome/133.0.0.0 Safari/537.36"
The Protest,Rob Rinder,Length: Not Yet Known,"Mozilla/5.0 (Windows NT 10.0; Win64; x64) AppleWebKit/537.36 (KHTML, like Gecko) Chrome/133.0.0.0 Safari/537.36"
Wives and Daughters,Elizabeth Gaskell,Length: 25 hrs and 21 mins,"Mozilla/5.0 (Windows NT 10.0; Win64; x64) AppleWebKit/537.36 (KHTML, like Gecko) Chrome/133.0.0.0 Safari/537.36"
A Touch of Darkness,Scarlett St. Clair,Length: 11 hrs and 6 mins,"Mozilla/5.0 (Windows NT 10.0; Win64; x64) AppleWebKit/537.36 (KHTML, like Gecko) Chrome/133.0.0.0 Safari/537.36"
Emma,Jane Austen,Length: 14 hrs and 45 mins,"Mozilla/5.0 (Windows NT 10.0; Win64; x64) AppleWebKit/537.36 (KHTML, like Gecko) Chrome/133.0.0.0 Safari/537.36"
Better Man,Isaac Butterfield,Length: 5 hrs and 53 mins,"Mozilla/5.0 (Windows NT 10.0; Win64; x64) AppleWebKit/537.36 (KHTML, like Gecko) Chrome/133.0.0.0 Safari/537.36"
Dracula,Bram Stoker,Length: 18 hrs and 25 mins,"Mozilla/5.0 (Windows NT 10.0; Win64; x64) AppleWebKit/537.36 (KHTML, like Gecko) Chrome/133.0.0.0 Safari/537.36"
Atomic Habits,James Clear,Length: 5 hrs and 35 mins,"Mozilla/5.0 (Windows NT 10.0; Win64; x64) AppleWebKit/537.36 (KHTML, like Gecko) Chrome/133.0.0.0 Safari/537.36"
The House in the Woods,Mark Dawson,Length: 9 hrs and 57 mins,"Mozilla/5.0 (Windows NT 10.0; Win64; x64) AppleWebKit/537.36 (KHTML, like Gecko) Chrome/133.0.0.0 Safari/537.36"
Riders,Jilly Cooper,Length: 30 hrs and 17 mins,"Mozilla/5.0 (Windows NT 10.0; Win64; x64) AppleWebKit/537.36 (KHTML, like Gecko) Chrome/133.0.0.0 Safari/537.36"
The Ratcatcher,Anthony Khaseria,Length: 5 hrs and 18 mins,"Mozilla/5.0 (Windows NT 10.0; Win64; x64) AppleWebKit/537.36 (KHTML, like Gecko) Chrome/133.0.0.0 Safari/537.36"
Corps InterFusion,Jonathan Brooks,Length: 17 hrs and 13 mins,"Mozilla/5.0 (Windows NT 10.0; Win64; x64) AppleWebKit/537.36 (KHTML, like Gecko) Chrome/133.0.0.0 Safari/537.36"
See Them Run,Marion Todd,Length: 8 hrs and 37 mins,"Mozilla/5.0 (Windows NT 10.0; Win64; x64) AppleWebKit/537.36 (KHTML, like Gecko) Chrome/133.0.0.0 Safari/537.36"
"Harry Potter and the Philosopher's Stone, Book 1",J.K. Rowling,Length: 8 hrs and 25 mins,"Mozilla/5.0 (Windows NT 10.0; Win64; x64) AppleWebKit/537.36 (KHTML, like Gecko) Chrome/133.0.0.0 Safari/537.36"
Beatitude,DJ Krimmer,Length: 3 hrs and 16 mins,"Mozilla/5.0 (Windows NT 10.0; Win64; x64) AppleWebKit/537.36 (KHTML, like Gecko) Chrome/133.0.0.0 Safari/537.36"
George Orwell’s 1984,"George Orwell,Joe White - adaptation",Length: 3 hrs and 27 mins,"Mozilla/5.0 (Windows NT 10.0; Win64; x64) AppleWebKit/537.36 (KHTML, like Gecko) Chrome/133.0.0.0 Safari/537.36"
The Bullet That Missed,Richard Osman,Length: 11 hrs and 17 mins,"Mozilla/5.0 (Windows NT 10.0; Win64; x64) AppleWebKit/537.36 (KHTML, like Gecko) Chrome/133.0.0.0 Safari/537.36"
Ruins of the Earth,"Christopher Hopper,J. N. Chaney",Length: 15 hrs and 59 mins,"Mozilla/5.0 (Windows NT 10.0; Win64; x64) AppleWebKit/537.36 (KHTML, like Gecko) Chrome/133.0.0.0 Safari/537.36"
Impostor: An Alexander Gregory Thriller,LJ Ross,Length: 7 hrs and 3 mins,"Mozilla/5.0 (Windows NT 10.0; Win64; x64) AppleWebKit/537.36 (KHTML, like Gecko) Chrome/133.0.0.0 Safari/537.36"
Ultra-Processed People,Chris van Tulleken,Length: 12 hrs and 10 mins,"Mozilla/5.0 (Windows NT 10.0; Win64; x64) AppleWebKit/537.36 (KHTML, like Gecko) Chrome/133.0.0.0 Safari/537.36"
The Let Them Theory,Mel Robbins,Length: 10 hrs and 38 mins,"Mozilla/5.0 (Windows NT 10.0; Win64; x64) AppleWebKit/537.36 (KHTML, like Gecko) Chrome/133.0.0.0 Safari/537.36"
Terry Pratchett: BBC Radio Drama Collection,Terry Pratchett,Length: 13 hrs and 13 mins,"Mozilla/5.0 (Windows NT 10.0; Win64; x64) AppleWebKit/537.36 (KHTML, like Gecko) Chrome/133.0.0.0 Safari/537.36"
The Fellowship of the Ring,J. R. R. Tolkien,Length: 22 hrs and 38 mins,"Mozilla/5.0 (Windows NT 10.0; Win64; x64) AppleWebKit/537.36 (KHTML, like Gecko) Chrome/133.0.0.0 Safari/537.36"
My Dark Prince,"L.J. Shen,Parker S. Huntington",Length: 17 hrs and 12 mins,"Mozilla/5.0 (Windows NT 10.0; Win64; x64) AppleWebKit/537.36 (KHTML, like Gecko) Chrome/133.0.0.0 Safari/537.36"
Unleashed,Boris Johnson,Length: 25 hrs and 41 mins,"Mozilla/5.0 (Windows NT 10.0; Win64; x64) AppleWebKit/537.36 (KHTML, like Gecko) Chrome/133.0.0.0 Safari/537.36"
The Woods,Harlan Coben,Length: 12 hrs and 30 mins,"Mozilla/5.0 (Windows NT 10.0; Win64; x64) AppleWebKit/537.36 (KHTML, like Gecko) Chrome/133.0.0.0 Safari/537.36"
The War of the Noobs,Ryan Rimmel,Length: 16 hrs and 7 mins,"Mozilla/5.0 (Windows NT 10.0; Win64; x64) AppleWebKit/537.36 (KHTML, like Gecko) Chrome/133.0.0.0 Safari/537.36"
Deathbound,Heather Palmer,Length: 11 hrs and 14 mins,"Mozilla/5.0 (Windows NT 10.0; Win64; x64) AppleWebKit/537.36 (KHTML, like Gecko) Chrome/133.0.0.0 Safari/537.36"
Project Hail Mary,Andy Weir,Length: 16 hrs and 10 mins,"Mozilla/5.0 (Windows NT 10.0; Win64; x64) AppleWebKit/537.36 (KHTML, like Gecko) Chrome/133.0.0.0 Safari/537.36"
The Frozen River,Ariel Lawhon,Length: 15 hrs and 5 mins,"Mozilla/5.0 (Windows NT 10.0; Win64; x64) AppleWebKit/537.36 (KHTML, like Gecko) Chrome/133.0.0.0 Safari/537.36"
The Hero of Ages,Brandon Sanderson,Length: 27 hrs and 45 mins,"Mozilla/5.0 (Windows NT 10.0; Win64; x64) AppleWebKit/537.36 (KHTML, like Gecko) Chrome/133.0.0.0 Safari/537.36"
Fourth Wing,Rebecca Yarros,Length: 21 hrs and 22 mins,"Mozilla/5.0 (Windows NT 10.0; Win64; x64) AppleWebKit/537.36 (KHTML, like Gecko) Chrome/133.0.0.0 Safari/537.36"
Iron Flame (Part 1 of 2) (Dramatized Adaptation),Rebecca Yarros,Length: 11 hrs and 38 mins,"Mozilla/5.0 (Windows NT 10.0; Win64; x64) AppleWebKit/537.36 (KHTML, like Gecko) Chrome/133.0.0.0 Safari/537.36"
Elantris,Brandon Sanderson,Length: 28 hrs and 42 mins,"Mozilla/5.0 (Windows NT 10.0; Win64; x64) AppleWebKit/537.36 (KHTML, like Gecko) Chrome/133.0.0.0 Safari/537.36"
The Diary of a CEO,Steven Bartlett,Length: 6 hrs and 45 mins,"Mozilla/5.0 (Windows NT 10.0; Win64; x64) AppleWebKit/537.36 (KHTML, like Gecko) Chrome/133.0.0.0 Safari/537.36"
A Beginner’s Explanation of Living Trusts and Estate Planning,George Munson,Length: 4 hrs and 12 mins,"Mozilla/5.0 (Windows NT 10.0; Win64; x64) AppleWebKit/537.36 (KHTML, like Gecko) Chrome/133.0.0.0 Safari/537.36"
That Mitchell and Webb Sound: The Complete Series 1-5,"David Mitchell,Robert Webb",Length: 13 hrs and 56 mins,"Mozilla/5.0 (Windows NT 10.0; Win64; x64) AppleWebKit/537.36 (KHTML, like Gecko) Chrome/133.0.0.0 Safari/537.36"
"Detective Sebastian Clifford, Books 1-3",Sally Rigby,Length: 22 hrs and 17 mins,"Mozilla/5.0 (Windows NT 10.0; Win64; x64) AppleWebKit/537.36 (KHTML, like Gecko) Chrome/133.0.0.0 Safari/537.36"
Rumpole: A BBC Radio Collection,John Mortimer,Length: 26 hrs and 18 mins,"Mozilla/5.0 (Windows NT 10.0; Win64; x64) AppleWebKit/537.36 (KHTML, like Gecko) Chrome/133.0.0.0 Safari/537.36"
Dungeon Crawler Carl,Matt Dinniman,Length: 13 hrs and 31 mins,"Mozilla/5.0 (Windows NT 10.0; Win64; x64) AppleWebKit/537.36 (KHTML, like Gecko) Chrome/133.0.0.0 Safari/537.36"
The Last to Disappear,Jo Spain,Length: 11 hrs and 58 mins,"Mozilla/5.0 (Windows NT 10.0; Win64; x64) AppleWebKit/537.36 (KHTML, like Gecko) Chrome/133.0.0.0 Safari/537.36"
"Detective Tom Janssen Hidden Norfolk, Books 1-3",J M Dalgliesh,Length: 24 hrs and 26 mins,"Mozilla/5.0 (Windows NT 10.0; Win64; x64) AppleWebKit/537.36 (KHTML, like Gecko) Chrome/133.0.0.0 Safari/537.36"
The Women,Kristin Hannah,Length: 14 hrs and 55 mins,"Mozilla/5.0 (Windows NT 10.0; Win64; x64) AppleWebKit/537.36 (KHTML, like Gecko) Chrome/133.0.0.0 Safari/537.36"
By Your Side,Ruth Jones,Length: Not Yet Known,"Mozilla/5.0 (Windows NT 10.0; Win64; x64) AppleWebKit/537.36 (KHTML, like Gecko) Chrome/133.0.0.0 Safari/537.36"
The Harder They Fall,Jack Cartwright,Length: 13 hrs and 5 mins,"Mozilla/5.0 (Windows NT 10.0; Win64; x64) AppleWebKit/537.36 (KHTML, like Gecko) Chrome/133.0.0.0 Safari/537.36"
A Clash of Kings,George R.R. Martin,Length: 37 hrs and 12 mins,"Mozilla/5.0 (Windows NT 10.0; Win64; x64) AppleWebKit/537.36 (KHTML, like Gecko) Chrome/133.0.0.0 Safari/537.36"
Now It All Makes Sense,Alex Partridge,Length: 5 hrs and 26 mins,"Mozilla/5.0 (Windows NT 10.0; Win64; x64) AppleWebKit/537.36 (KHTML, like Gecko) Chrome/133.0.0.0 Safari/537.36"
Under the Breaking Sky: The Complete Apocalyptic Horror Series,Nick Clausen,Length: 59 hrs and 36 mins,"Mozilla/5.0 (Windows NT 10.0; Win64; x64) AppleWebKit/537.36 (KHTML, like Gecko) Chrome/133.0.0.0 Safari/537.36"
The Bridge Kingdom,Danielle L. Jensen,Length: 11 hrs and 52 mins,"Mozilla/5.0 (Windows NT 10.0; Win64; x64) AppleWebKit/537.36 (KHTML, like Gecko) Chrome/133.0.0.0 Safari/537.36"
Light on Life,B. K. S. Iyengar,Length: 12 hrs and 50 mins,"Mozilla/5.0 (Windows NT 10.0; Win64; x64) AppleWebKit/537.36 (KHTML, like Gecko) Chrome/133.0.0.0 Safari/537.36"
Priest: A Love Story,Sierra Simone,Length: 8 hrs and 7 mins,"Mozilla/5.0 (Windows NT 10.0; Win64; x64) AppleWebKit/537.36 (KHTML, like Gecko) Chrome/133.0.0.0 Safari/537.36"
Fearless,Lauren Roberts,Length: 11 hrs,"Mozilla/5.0 (Windows NT 10.0; Win64; x64) AppleWebKit/537.36 (KHTML, like Gecko) Chrome/133.0.0.0 Safari/537.36"
The Baby Swap,Daniel Hurst,Length: 7 hrs and 18 mins,"Mozilla/5.0 (Windows NT 10.0; Win64; x64) AppleWebKit/537.36 (KHTML, like Gecko) Chrome/133.0.0.0 Safari/537.36"
The Ashes and the Star-Cursed King,Carissa Broadbent,Length: 19 hrs and 27 mins,"Mozilla/5.0 (Windows NT 10.0; Win64; x64) AppleWebKit/537.36 (KHTML, like Gecko) Chrome/133.0.0.0 Safari/537.36"
Dune Messiah,Frank Herbert,Length: 8 hrs and 57 mins,"Mozilla/5.0 (Windows NT 10.0; Win64; x64) AppleWebKit/537.36 (KHTML, like Gecko) Chrome/133.0.0.0 Safari/537.36"
The Return of the King,J. R. R. Tolkien,Length: 21 hrs and 52 mins,"Mozilla/5.0 (Windows NT 10.0; Win64; x64) AppleWebKit/537.36 (KHTML, like Gecko) Chrome/133.0.0.0 Safari/537.36"
Q,Christina Dalcher,Length: 8 hrs and 20 mins,"Mozilla/5.0 (Windows NT 10.0; Win64; x64) AppleWebKit/537.36 (KHTML, like Gecko) Chrome/133.0.0.0 Safari/537.36"
Beautiful Ugly,Alice Feeney,Length: 9 hrs and 23 mins,"Mozilla/5.0 (Windows NT 10.0; Win64; x64) AppleWebKit/537.36 (KHTML, like Gecko) Chrome/133.0.0.0 Safari/537.36"
Vultures,Mark Dawson,Length: 11 hrs and 42 mins,"Mozilla/5.0 (Windows NT 10.0; Win64; x64) AppleWebKit/537.36 (KHTML, like Gecko) Chrome/133.0.0.0 Safari/537.36"
Defiance of the Fall 14,"TheFirstDefier,JF Brink",Length: 21 hrs and 54 mins,"Mozilla/5.0 (Windows NT 10.0; Win64; x64) AppleWebKit/537.36 (KHTML, like Gecko) Chrome/133.0.0.0 Safari/537.36"
Losers Club,Yvonne Vincent,Length: 8 hrs and 21 mins,"Mozilla/5.0 (Windows NT 10.0; Win64; x64) AppleWebKit/537.36 (KHTML, like Gecko) Chrome/133.0.0.0 Safari/537.36"
The Eye of the Bedlam Bride,Matt Dinniman,Length: 26 hrs and 46 mins,"Mozilla/5.0 (Windows NT 10.0; Win64; x64) AppleWebKit/537.36 (KHTML, like Gecko) Chrome/133.0.0.0 Safari/537.36"
The Bedroom Window,K. L. Slater,Length: 8 hrs and 48 mins,"Mozilla/5.0 (Windows NT 10.0; Win64; x64) AppleWebKit/537.36 (KHTML, like Gecko) Chrome/133.0.0.0 Safari/537.36"
"Love, Mom",Iliana Xander,Length: 9 hrs and 37 mins,"Mozilla/5.0 (Windows NT 10.0; Win64; x64) AppleWebKit/537.36 (KHTML, like Gecko) Chrome/133.0.0.0 Safari/537.36"
The Secret Garden,Frances Hodgson Burnett,Length: 7 hrs and 38 mins,"Mozilla/5.0 (Windows NT 10.0; Win64; x64) AppleWebKit/537.36 (KHTML, like Gecko) Chrome/133.0.0.0 Safari/537.36"
Emotional Regulation for Parents,T.R. Fosters,Length: 3 hrs and 56 mins,"Mozilla/5.0 (Windows NT 10.0; Win64; x64) AppleWebKit/537.36 (KHTML, like Gecko) Chrome/133.0.0.0 Safari/537.36"
The Fall of Cadia,Robert Rath,Length: 19 hrs and 58 mins,"Mozilla/5.0 (Windows NT 10.0; Win64; x64) AppleWebKit/537.36 (KHTML, like Gecko) Chrome/133.0.0.0 Safari/537.36"
When the Storm Dies,Jack Cartwright,Length: 12 hrs and 9 mins,"Mozilla/5.0 (Windows NT 10.0; Win64; x64) AppleWebKit/537.36 (KHTML, like Gecko) Chrome/133.0.0.0 Safari/537.36"
Not Quite Nice,Celia Imrie,Length: 8 hrs and 53 mins,"Mozilla/5.0 (Windows NT 10.0; Win64; x64) AppleWebKit/537.36 (KHTML, like Gecko) Chrome/133.0.0.0 Safari/537.36"
The Complete George Smiley Radio Dramas,John le Carré,Length: 18 hrs and 59 mins,"Mozilla/5.0 (Windows NT 10.0; Win64; x64) AppleWebKit/537.36 (KHTML, like Gecko) Chrome/133.0.0.0 Safari/537.36"
Cadaver: The Complete Zombie Apocalypse Series,Nick Clausen,Length: 36 hrs and 54 mins,"Mozilla/5.0 (Windows NT 10.0; Win64; x64) AppleWebKit/537.36 (KHTML, like Gecko) Chrome/133.0.0.0 Safari/537.36"
None of This Is True,Lisa Jewell,Length: 10 hrs and 29 mins,"Mozilla/5.0 (Windows NT 10.0; Win64; x64) AppleWebKit/537.36 (KHTML, like Gecko) Chrome/133.0.0.0 Safari/537.36"
Loki: A Bad God's Guide to Taking the Blame,Louie Stowell,Length: 3 hrs and 17 mins,"Mozilla/5.0 (Windows NT 10.0; Win64; x64) AppleWebKit/537.36 (KHTML, like Gecko) Chrome/133.0.0.0 Safari/537.36"
Intermezzo,Sally Rooney,Length: 16 hrs and 30 mins,"Mozilla/5.0 (Windows NT 10.0; Win64; x64) AppleWebKit/537.36 (KHTML, like Gecko) Chrome/133.0.0.0 Safari/537.36"
Communication Skills for Couples,Golden Hour Publications,Length: 3 hrs and 31 mins,"Mozilla/5.0 (Windows NT 10.0; Win64; x64) AppleWebKit/537.36 (KHTML, like Gecko) Chrome/133.0.0.0 Safari/537.36"
Mythos,Stephen Fry,Length: 15 hrs and 36 mins,"Mozilla/5.0 (Windows NT 10.0; Win64; x64) AppleWebKit/537.36 (KHTML, like Gecko) Chrome/133.0.0.0 Safari/537.36"
The Body Keeps the Score,Bessel van der Kolk,Length: 16 hrs and 16 mins,"Mozilla/5.0 (Windows NT 10.0; Win64; x64) AppleWebKit/537.36 (KHTML, like Gecko) Chrome/133.0.0.0 Safari/537.36"
Iron Flame,Rebecca Yarros,Length: 28 hrs and 16 mins,"Mozilla/5.0 (Windows NT 10.0; Win64; x64) AppleWebKit/537.36 (KHTML, like Gecko) Chrome/133.0.0.0 Safari/537.36"
Odyssey,Stephen Fry,Length: 10 hrs and 36 mins,"Mozilla/5.0 (Windows NT 10.0; Win64; x64) AppleWebKit/537.36 (KHTML, like Gecko) Chrome/133.0.0.0 Safari/537.36"
Lightlark,Alex Aster,Length: 12 hrs and 57 mins,"Mozilla/5.0 (Windows NT 10.0; Win64; x64) AppleWebKit/537.36 (KHTML, like Gecko) Chrome/133.0.0.0 Safari/537.36"
The Rebound,Leeanne Slade,Length: 10 hrs and 13 mins,"Mozilla/5.0 (Windows NT 10.0; Win64; x64) AppleWebKit/537.36 (KHTML, like Gecko) Chrome/133.0.0.0 Safari/537.36"
Wild Fell,Lee Schofield,Length: 8 hrs and 56 mins,"Mozilla/5.0 (Windows NT 10.0; Win64; x64) AppleWebKit/537.36 (KHTML, like Gecko) Chrome/133.0.0.0 Safari/537.36"
The Hobbit,J. R. R. Tolkien,Length: 10 hrs and 24 mins,"Mozilla/5.0 (Windows NT 10.0; Win64; x64) AppleWebKit/537.36 (KHTML, like Gecko) Chrome/133.0.0.0 Safari/537.36"
Tell-Tale Bones,N.C. Lewis,Length: 11 hrs and 17 mins,"Mozilla/5.0 (Windows NT 10.0; Win64; x64) AppleWebKit/537.36 (KHTML, like Gecko) Chrome/133.0.0.0 Safari/537.36"
"Money, Lies, and God",Katherine Stewart,Length: 11 hrs and 36 mins,"Mozilla/5.0 (Windows NT 10.0; Win64; x64) AppleWebKit/537.36 (KHTML, like Gecko) Chrome/133.0.0.0 Safari/537.36"
Lights Out,Navessa Allen,Length: 13 hrs and 38 mins,"Mozilla/5.0 (Windows NT 10.0; Win64; x64) AppleWebKit/537.36 (KHTML, like Gecko) Chrome/133.0.0.0 Safari/537.36"
The Cut,Richard Armitage,Length: 10 hrs and 13 mins,"Mozilla/5.0 (Windows NT 10.0; Win64; x64) AppleWebKit/537.36 (KHTML, like Gecko) Chrome/133.0.0.0 Safari/537.36"
Red Rising,Pierce Brown,Length: 16 hrs and 12 mins,"Mozilla/5.0 (Windows NT 10.0; Win64; x64) AppleWebKit/537.36 (KHTML, like Gecko) Chrome/133.0.0.0 Safari/537.36"
The Clamshell Show,Lucy Courtenay,Length: 1 hr and 38 mins,"Mozilla/5.0 (Windows NT 10.0; Win64; x64) AppleWebKit/537.36 (KHTML, like Gecko) Chrome/133.0.0.0 Safari/537.36"
The Wise Man's Fear,Patrick Rothfuss,Length: 42 hrs and 49 mins,"Mozilla/5.0 (Windows NT 10.0; Win64; x64) AppleWebKit/537.36 (KHTML, like Gecko) Chrome/133.0.0.0 Safari/537.36"
All the Skills 5: A Deck-Building LitRPG,Honour Rae,Length: 12 hrs and 27 mins,"Mozilla/5.0 (Windows NT 10.0; Win64; x64) AppleWebKit/537.36 (KHTML, like Gecko) Chrome/133.0.0.0 Safari/537.36"
The Collectors,Philip Pullman,Length: 32 mins,"Mozilla/5.0 (Windows NT 10.0; Win64; x64) AppleWebKit/537.36 (KHTML, like Gecko) Chrome/133.0.0.0 Safari/537.36"
The Daughter,T.M. Logan,Length: 12 hrs and 14 mins,"Mozilla/5.0 (Windows NT 10.0; Win64; x64) AppleWebKit/537.36 (KHTML, like Gecko) Chrome/133.0.0.0 Safari/537.36"
Fourth Wing (Part 2 of 2) (Dramatized Adaptation),Rebecca Yarros,Length: 9 hrs and 22 mins,"Mozilla/5.0 (Windows NT 10.0; Win64; x64) AppleWebKit/537.36 (KHTML, like Gecko) Chrome/133.0.0.0 Safari/537.36"
Told You So,Leeanne Slade,Length: 9 hrs and 57 mins,"Mozilla/5.0 (Windows NT 10.0; Win64; x64) AppleWebKit/537.36 (KHTML, like Gecko) Chrome/133.0.0.0 Safari/537.36"
Quit Drinking Alcohol Hypnosis,Carter Webb,Length: 5 hrs and 12 mins,"Mozilla/5.0 (Windows NT 10.0; Win64; x64) AppleWebKit/537.36 (KHTML, like Gecko) Chrome/133.0.0.0 Safari/537.36"
Around the World in 80 Days,"Jules Verne,Anna Lea - adaptation",Length: 4 hrs and 14 mins,"Mozilla/5.0 (Windows NT 10.0; Win64; x64) AppleWebKit/537.36 (KHTML, like Gecko) Chrome/133.0.0.0 Safari/537.36"
The Complete Chronicles of Narnia,C. S. Lewis,Length: 15 hrs and 7 mins,"Mozilla/5.0 (Windows NT 10.0; Win64; x64) AppleWebKit/537.36 (KHTML, like Gecko) Chrome/133.0.0.0 Safari/537.36"
Haunting Adeline,H. D. Carlton,Length: 18 hrs and 47 mins,"Mozilla/5.0 (Windows NT 10.0; Win64; x64) AppleWebKit/537.36 (KHTML, like Gecko) Chrome/133.0.0.0 Safari/537.36"
The Way of Kings,Brandon Sanderson,Length: 45 hrs and 29 mins,"Mozilla/5.0 (Windows NT 10.0; Win64; x64) AppleWebKit/537.36 (KHTML, like Gecko) Chrome/133.0.0.0 Safari/537.36"
Official Secrets,Andrew Raymond,Length: 11 hrs and 18 mins,"Mozilla/5.0 (Windows NT 10.0; Win64; x64) AppleWebKit/537.36 (KHTML, like Gecko) Chrome/133.0.0.0 Safari/537.36"
Rapunzel,The Brothers Grimm,Length: 13 mins,"Mozilla/5.0 (Windows NT 10.0; Win64; x64) AppleWebKit/537.36 (KHTML, like Gecko) Chrome/133.0.0.0 Safari/537.36"
Big Dunc,Duncan Ferguson,Length: Not Yet Known,"Mozilla/5.0 (Windows NT 10.0; Win64; x64) AppleWebKit/537.36 (KHTML, like Gecko) Chrome/133.0.0.0 Safari/537.36"
The Beginning of Infinity,David Deutsch,Length: 20 hrs,"Mozilla/5.0 (Windows NT 10.0; Win64; x64) AppleWebKit/537.36 (KHTML, like Gecko) Chrome/133.0.0.0 Safari/537.36"
Nightshade,Michael Connelly,Length: 10 hrs,"Mozilla/5.0 (Windows NT 10.0; Win64; x64) AppleWebKit/537.36 (KHTML, like Gecko) Chrome/133.0.0.0 Safari/537.36"
How Music and Mathematics Relate,"David Kung,The Great Courses",Length: 9 hrs and 22 mins,"Mozilla/5.0 (Windows NT 10.0; Win64; x64) AppleWebKit/537.36 (KHTML, like Gecko) Chrome/133.0.0.0 Safari/537.36"
The Ballad of Falling Dragons,Sarah A. Parker,Length: 18 hrs and 46 mins,"Mozilla/5.0 (Windows NT 10.0; Win64; x64) AppleWebKit/537.36 (KHTML, like Gecko) Chrome/133.0.0.0 Safari/537.36"
The World's Worst Teachers,David Walliams,Length: 4 hrs and 6 mins,"Mozilla/5.0 (Windows NT 10.0; Win64; x64) AppleWebKit/537.36 (KHTML, like Gecko) Chrome/133.0.0.0 Safari/537.36"
The Cuckoo's Calling,Robert Galbraith,Length: 15 hrs and 53 mins,"Mozilla/5.0 (Windows NT 10.0; Win64; x64) AppleWebKit/537.36 (KHTML, like Gecko) Chrome/133.0.0.0 Safari/537.36"
Orphan X,Gregg Hurwitz,Length: 11 hrs and 16 mins,"Mozilla/5.0 (Windows NT 10.0; Win64; x64) AppleWebKit/537.36 (KHTML, like Gecko) Chrome/133.0.0.0 Safari/537.36"
The Housemaid,Freida McFadden,Length: 9 hrs and 46 mins,"Mozilla/5.0 (Windows NT 10.0; Win64; x64) AppleWebKit/537.36 (KHTML, like Gecko) Chrome/133.0.0.0 Safari/537.36"
Catching Fire,Suzanne Collins,Length: 11 hrs and 3 mins,"Mozilla/5.0 (Windows NT 10.0; Win64; x64) AppleWebKit/537.36 (KHTML, like Gecko) Chrome/133.0.0.0 Safari/537.36"
Keep the Home Fires Burning,S. Block,Length: 13 hrs and 49 mins,"Mozilla/5.0 (Windows NT 10.0; Win64; x64) AppleWebKit/537.36 (KHTML, like Gecko) Chrome/133.0.0.0 Safari/537.36"
I Haven’t Been Entirely Honest with You,Miranda Hart,Length: 10 hrs and 9 mins,"Mozilla/5.0 (Windows NT 10.0; Win64; x64) AppleWebKit/537.36 (KHTML, like Gecko) Chrome/133.0.0.0 Safari/537.36"
The Running Grave,Robert Galbraith,Length: 34 hrs and 13 mins,"Mozilla/5.0 (Windows NT 10.0; Win64; x64) AppleWebKit/537.36 (KHTML, like Gecko) Chrome/133.0.0.0 Safari/537.36"
Empire of Storms,Sarah J. Maas,Length: 25 hrs and 18 mins,"Mozilla/5.0 (Windows NT 10.0; Win64; x64) AppleWebKit/537.36 (KHTML, like Gecko) Chrome/133.0.0.0 Safari/537.36"
Wedding Bells at Butterfly Cove,Sarah Bennett,Length: 8 hrs and 3 mins,"Mozilla/5.0 (Windows NT 10.0; Win64; x64) AppleWebKit/537.36 (KHTML, like Gecko) Chrome/133.0.0.0 Safari/537.36"
A Court of Thorns and Roses,Sarah J. Maas,Length: 16 hrs and 7 mins,"Mozilla/5.0 (Windows NT 10.0; Win64; x64) AppleWebKit/537.36 (KHTML, like Gecko) Chrome/133.0.0.0 Safari/537.36"
The Enchanted April,Elizabeth von Arnim,Length: 8 hrs and 9 mins,"Mozilla/5.0 (Windows NT 10.0; Win64; x64) AppleWebKit/537.36 (KHTML, like Gecko) Chrome/133.0.0.0 Safari/537.36"
Say No More,Caroline Overington,Length: 5 hrs and 47 mins,"Mozilla/5.0 (Windows NT 10.0; Win64; x64) AppleWebKit/537.36 (KHTML, like Gecko) Chrome/133.0.0.0 Safari/537.36"
The Ink Black Heart,Robert Galbraith,Length: 32 hrs and 43 mins,"Mozilla/5.0 (Windows NT 10.0; Win64; x64) AppleWebKit/537.36 (KHTML, like Gecko) Chrome/133.0.0.0 Safari/537.36"
Nexus,Yuval Noah Harari,Length: 17 hrs and 28 mins,"Mozilla/5.0 (Windows NT 10.0; Win64; x64) AppleWebKit/537.36 (KHTML, like Gecko) Chrome/133.0.0.0 Safari/537.36"
No Country for Old Men,Cormac McCarthy,Length: 7 hrs and 29 mins,"Mozilla/5.0 (Windows NT 10.0; Win64; x64) AppleWebKit/537.36 (KHTML, like Gecko) Chrome/133.0.0.0 Safari/537.36"
Nemesis,Gregg Hurwitz,Length: 16 hrs and 19 mins,"Mozilla/5.0 (Windows NT 10.0; Win64; x64) AppleWebKit/537.36 (KHTML, like Gecko) Chrome/133.0.0.0 Safari/537.36"
Revelation Space,Alastair Reynolds,Length: 22 hrs and 12 mins,"Mozilla/5.0 (Windows NT 10.0; Win64; x64) AppleWebKit/537.36 (KHTML, like Gecko) Chrome/133.0.0.0 Safari/537.36"
Torrent Witches Cozy Mysteries Complete Box Set: Books 1-10,Tess Lake,Length: 65 hrs and 31 mins,"Mozilla/5.0 (Windows NT 10.0; Win64; x64) AppleWebKit/537.36 (KHTML, like Gecko) Chrome/133.0.0.0 Safari/537.36"
Lost in Time,A.G. Riddle,Length: 11 hrs and 28 mins,"Mozilla/5.0 (Windows NT 10.0; Win64; x64) AppleWebKit/537.36 (KHTML, like Gecko) Chrome/133.0.0.0 Safari/537.36"
"Home Front: The Complete BBC Radio Collection, Volume 1","Lucy Catherine,Katie Hims,Sebastian Baczkiewicz,Richard Monks,Sarah Daniels,Shaun McKenna",Length: 38 hrs and 23 mins,"Mozilla/5.0 (Windows NT 10.0; Win64; x64) AppleWebKit/537.36 (KHTML, like Gecko) Chrome/133.0.0.0 Safari/537.36"
Isaac Steele and the Best Idea in the Universe,Daniel Rigby,Length: 6 hrs and 17 mins,"Mozilla/5.0 (Windows NT 10.0; Win64; x64) AppleWebKit/537.36 (KHTML, like Gecko) Chrome/133.0.0.0 Safari/537.36"
The Colour of Mystery,Joy Ellis,Length: 11 hrs and 7 mins,"Mozilla/5.0 (Windows NT 10.0; Win64; x64) AppleWebKit/537.36 (KHTML, like Gecko) Chrome/133.0.0.0 Safari/537.36"
Frankenstein,Mary Shelley,Length: 8 hrs and 35 mins,"Mozilla/5.0 (Windows NT 10.0; Win64; x64) AppleWebKit/537.36 (KHTML, like Gecko) Chrome/133.0.0.0 Safari/537.36"
Journey to the Center of the Earth: A Signature Performance by Tim Curry,Jules Verne,Length: 8 hrs and 20 mins,"Mozilla/5.0 (Windows NT 10.0; Win64; x64) AppleWebKit/537.36 (KHTML, like Gecko) Chrome/133.0.0.0 Safari/537.36"
Faithbreaker,Hannah Kaner,Length: 17 hrs and 14 mins,"Mozilla/5.0 (Windows NT 10.0; Win64; x64) AppleWebKit/537.36 (KHTML, like Gecko) Chrome/133.0.0.0 Safari/537.36"
To All the Boys I've Loved Before,Jenny Han,Length: 8 hrs and 44 mins,"Mozilla/5.0 (Windows NT 10.0; Win64; x64) AppleWebKit/537.36 (KHTML, like Gecko) Chrome/133.0.0.0 Safari/537.36"
A Brief History of Seven Killings,Marlon James,Length: 26 hrs,"Mozilla/5.0 (Windows NT 10.0; Win64; x64) AppleWebKit/537.36 (KHTML, like Gecko) Chrome/133.0.0.0 Safari/537.36"
The Woman in Coach D,Sarah A. Denzil,Length: 11 hrs and 26 mins,"Mozilla/5.0 (Windows NT 10.0; Win64; x64) AppleWebKit/537.36 (KHTML, like Gecko) Chrome/133.0.0.0 Safari/537.36"
Children of Ash and Elm,Neil Price,Length: 17 hrs and 25 mins,"Mozilla/5.0 (Windows NT 10.0; Win64; x64) AppleWebKit/537.36 (KHTML, like Gecko) Chrome/133.0.0.0 Safari/537.36"
Words of Radiance,Brandon Sanderson,Length: 48 hrs and 13 mins,"Mozilla/5.0 (Windows NT 10.0; Win64; x64) AppleWebKit/537.36 (KHTML, like Gecko) Chrome/133.0.0.0 Safari/537.36"
The Wolf Den,Elodie Harper,Length: 12 hrs and 31 mins,"Mozilla/5.0 (Windows NT 10.0; Win64; x64) AppleWebKit/537.36 (KHTML, like Gecko) Chrome/133.0.0.0 Safari/537.36"
The Lost Bookshop,Evie Woods,Length: 12 hrs,"Mozilla/5.0 (Windows NT 10.0; Win64; x64) AppleWebKit/537.36 (KHTML, like Gecko) Chrome/133.0.0.0 Safari/537.36"
Judge Dredd,"Matt Smith,Al Ewing,Michael Carroll",Length: 10 hrs and 40 mins,"Mozilla/5.0 (Windows NT 10.0; Win64; x64) AppleWebKit/537.36 (KHTML, like Gecko) Chrome/133.0.0.0 Safari/537.36"
Do Not Disturb,Freida McFadden,Length: 7 hrs and 53 mins,"Mozilla/5.0 (Windows NT 10.0; Win64; x64) AppleWebKit/537.36 (KHTML, like Gecko) Chrome/133.0.0.0 Safari/537.36"
This Is Happiness,Niall Williams,Length: 14 hrs and 27 mins,"Mozilla/5.0 (Windows NT 10.0; Win64; x64) AppleWebKit/537.36 (KHTML, like Gecko) Chrome/133.0.0.0 Safari/537.36"
Terminus,Jason Cheek,Length: 12 hrs and 53 mins,"Mozilla/5.0 (Windows NT 10.0; Win64; x64) AppleWebKit/537.36 (KHTML, like Gecko) Chrome/133.0.0.0 Safari/537.36"
The World’s Worst Parents,David Walliams,Length: 3 hrs and 26 mins,"Mozilla/5.0 (Windows NT 10.0; Win64; x64) AppleWebKit/537.36 (KHTML, like Gecko) Chrome/133.0.0.0 Safari/537.36"
Bioshock: Rapture,John Shirley,Length: 12 hrs and 21 mins,"Mozilla/5.0 (Windows NT 10.0; Win64; x64) AppleWebKit/537.36 (KHTML, like Gecko) Chrome/133.0.0.0 Safari/537.36"
Rhythm of War,Brandon Sanderson,Length: 57 hrs and 26 mins,"Mozilla/5.0 (Windows NT 10.0; Win64; x64) AppleWebKit/537.36 (KHTML, like Gecko) Chrome/133.0.0.0 Safari/537.36"
Over My Dead Body,Maz Evans,Length: 8 hrs and 36 mins,"Mozilla/5.0 (Windows NT 10.0; Win64; x64) AppleWebKit/537.36 (KHTML, like Gecko) Chrome/133.0.0.0 Safari/537.36"
The Devil's Face,Christopher Artinian,Length: 10 hrs and 2 mins,"Mozilla/5.0 (Windows NT 10.0; Win64; x64) AppleWebKit/537.36 (KHTML, like Gecko) Chrome/133.0.0.0 Safari/537.36"
A History of the World,Andrew Marr,Length: 26 hrs and 28 mins,"Mozilla/5.0 (Windows NT 10.0; Win64; x64) AppleWebKit/537.36 (KHTML, like Gecko) Chrome/133.0.0.0 Safari/537.36"
King Street Junior,Jim Eldridge,Length: 36 hrs and 2 mins,"Mozilla/5.0 (Windows NT 10.0; Win64; x64) AppleWebKit/537.36 (KHTML, like Gecko) Chrome/133.0.0.0 Safari/537.36"
Maximus,Kris Michaels,Length: 5 hrs and 13 mins,"Mozilla/5.0 (Windows NT 10.0; Win64; x64) AppleWebKit/537.36 (KHTML, like Gecko) Chrome/133.0.0.0 Safari/537.36"
We All Live Here,Jojo Moyes,Length: 12 hrs and 38 mins,"Mozilla/5.0 (Windows NT 10.0; Win64; x64) AppleWebKit/537.36 (KHTML, like Gecko) Chrome/133.0.0.0 Safari/537.36"
The Distant Echo,Val McDermid,Length: 14 hrs and 11 mins,"Mozilla/5.0 (Windows NT 10.0; Win64; x64) AppleWebKit/537.36 (KHTML, like Gecko) Chrome/133.0.0.0 Safari/537.36"
The Name of the Wind,Patrick Rothfuss,Length: 28 hrs and 3 mins,"Mozilla/5.0 (Windows NT 10.0; Win64; x64) AppleWebKit/537.36 (KHTML, like Gecko) Chrome/133.0.0.0 Safari/537.36"
Wolf Hall,Hilary Mantel,Length: 25 hrs and 12 mins,"Mozilla/5.0 (Windows NT 10.0; Win64; x64) AppleWebKit/537.36 (KHTML, like Gecko) Chrome/133.0.0.0 Safari/537.36"
The Cavendon Women,Barbara Taylor Bradford,Length: 14 hrs and 22 mins,"Mozilla/5.0 (Windows NT 10.0; Win64; x64) AppleWebKit/537.36 (KHTML, like Gecko) Chrome/133.0.0.0 Safari/537.36"
Lakeside Cougars 2,Misty Vixen,Length: 8 hrs and 37 mins,"Mozilla/5.0 (Windows NT 10.0; Win64; x64) AppleWebKit/537.36 (KHTML, like Gecko) Chrome/133.0.0.0 Safari/537.36"
Hero Support,Stoham Baginbott,Length: 6 hrs and 5 mins,"Mozilla/5.0 (Windows NT 10.0; Win64; x64) AppleWebKit/537.36 (KHTML, like Gecko) Chrome/133.0.0.0 Safari/537.36"
Beast Arises: Vol 1,"Dan Abnett,Rob Sanders,Gav Thorpe",Length: 17 hrs and 24 mins,"Mozilla/5.0 (Windows NT 10.0; Win64; x64) AppleWebKit/537.36 (KHTML, like Gecko) Chrome/133.0.0.0 Safari/537.36"
The Hotel Avocado,Bob Mortimer,Length: 9 hrs and 20 mins,"Mozilla/5.0 (Windows NT 10.0; Win64; x64) AppleWebKit/537.36 (KHTML, like Gecko) Chrome/133.0.0.0 Safari/537.36"
Blackadder: The Complete Collected Series,"Ben Elton,Richard Curtis",Length: 15 hrs and 3 mins,"Mozilla/5.0 (Windows NT 10.0; Win64; x64) AppleWebKit/537.36 (KHTML, like Gecko) Chrome/133.0.0.0 Safari/537.36"
The Ragpicker King,Cassandra Clare,Length: 21 hrs and 9 mins,"Mozilla/5.0 (Windows NT 10.0; Win64; x64) AppleWebKit/537.36 (KHTML, like Gecko) Chrome/133.0.0.0 Safari/537.36"
Kingdom of Ash,Sarah J. Maas,Length: 33 hrs and 11 mins,"Mozilla/5.0 (Windows NT 10.0; Win64; x64) AppleWebKit/537.36 (KHTML, like Gecko) Chrome/133.0.0.0 Safari/537.36"
The Broken Leg of Doom,Pamela Butchart,Length: 2 hrs and 48 mins,"Mozilla/5.0 (Windows NT 10.0; Win64; x64) AppleWebKit/537.36 (KHTML, like Gecko) Chrome/133.0.0.0 Safari/537.36"
A Dance with Dragons,George R.R. Martin,Length: 48 hrs and 53 mins,"Mozilla/5.0 (Windows NT 10.0; Win64; x64) AppleWebKit/537.36 (KHTML, like Gecko) Chrome/133.0.0.0 Safari/537.36"
You Had Me at Hello,Mhairi McFarlane,Length: 10 hrs and 25 mins,"Mozilla/5.0 (Windows NT 10.0; Win64; x64) AppleWebKit/537.36 (KHTML, like Gecko) Chrome/133.0.0.0 Safari/537.36"
Air,John Boyne,Length: Not Yet Known,"Mozilla/5.0 (Windows NT 10.0; Win64; x64) AppleWebKit/537.36 (KHTML, like Gecko) Chrome/133.0.0.0 Safari/537.36"
The Midnight Rose,Lucinda Riley,Length: 19 hrs and 31 mins,"Mozilla/5.0 (Windows NT 10.0; Win64; x64) AppleWebKit/537.36 (KHTML, like Gecko) Chrome/133.0.0.0 Safari/537.36"
The Lie in Our Marriage,Anna-Lou Weatherley,Length: 11 hrs and 41 mins,"Mozilla/5.0 (Windows NT 10.0; Win64; x64) AppleWebKit/537.36 (KHTML, like Gecko) Chrome/133.0.0.0 Safari/537.36"
Out of Time,Jodi Taylor,Length: 10 hrs,"Mozilla/5.0 (Windows NT 10.0; Win64; x64) AppleWebKit/537.36 (KHTML, like Gecko) Chrome/133.0.0.0 Safari/537.36"
Conclave,Robert Harris,Length: 8 hrs and 21 mins,"Mozilla/5.0 (Windows NT 10.0; Win64; x64) AppleWebKit/537.36 (KHTML, like Gecko) Chrome/133.0.0.0 Safari/537.36"
Curse of Shadows and Thorns,LJ Andrews,Length: 10 hrs and 38 mins,"Mozilla/5.0 (Windows NT 10.0; Win64; x64) AppleWebKit/537.36 (KHTML, like Gecko) Chrome/133.0.0.0 Safari/537.36"
Same Time Next Week,Milly Johnson,Length: 12 hrs and 36 mins,"Mozilla/5.0 (Windows NT 10.0; Win64; x64) AppleWebKit/537.36 (KHTML, like Gecko) Chrome/133.0.0.0 Safari/537.36"
The Subtle Art of Not Giving a F*ck,Mark Manson,Length: 5 hrs and 17 mins,"Mozilla/5.0 (Windows NT 10.0; Win64; x64) AppleWebKit/537.36 (KHTML, like Gecko) Chrome/133.0.0.0 Safari/537.36"
Percy Jackson and the Last Olympian,Rick Riordan,Length: 11 hrs,"Mozilla/5.0 (Windows NT 10.0; Win64; x64) AppleWebKit/537.36 (KHTML, like Gecko) Chrome/133.0.0.0 Safari/537.36"
Consider Me,Becka Mack,Length: 20 hrs and 42 mins,"Mozilla/5.0 (Windows NT 10.0; Win64; x64) AppleWebKit/537.36 (KHTML, like Gecko) Chrome/133.0.0.0 Safari/537.36"
Death at Porthcurno Cove,Sally Rigby,Length: 6 hrs and 19 mins,"Mozilla/5.0 (Windows NT 10.0; Win64; x64) AppleWebKit/537.36 (KHTML, like Gecko) Chrome/133.0.0.0 Safari/537.36"
Charles Paris: Situation Tragedy: A BBC Radio 4 Full-Cast Dramatisation,"Jeremy Front,Simon Brett",Length: 1 hr and 52 mins,"Mozilla/5.0 (Windows NT 10.0; Win64; x64) AppleWebKit/537.36 (KHTML, like Gecko) Chrome/133.0.0.0 Safari/537.36"
Ready Player One,Ernest Cline,Length: 15 hrs and 40 mins,"Mozilla/5.0 (Windows NT 10.0; Win64; x64) AppleWebKit/537.36 (KHTML, like Gecko) Chrome/133.0.0.0 Safari/537.36"
Warbreaker,Brandon Sanderson,Length: 24 hrs and 56 mins,"Mozilla/5.0 (Windows NT 10.0; Win64; x64) AppleWebKit/537.36 (KHTML, like Gecko) Chrome/133.0.0.0 Safari/537.36"
The World’s Worst Pets,David Walliams,Length: 3 hrs and 38 mins,"Mozilla/5.0 (Windows NT 10.0; Win64; x64) AppleWebKit/537.36 (KHTML, like Gecko) Chrome/133.0.0.0 Safari/537.36"
The Complete Novels of Charles Dickens: All 15 Novels & The Christmas Stories,Charles Dickens,Length: Not Yet Known,"Mozilla/5.0 (Windows NT 10.0; Win64; x64) AppleWebKit/537.36 (KHTML, like Gecko) Chrome/133.0.0.0 Safari/537.36"
First Wife’s Shadow,Adele Parks,Length: 11 hrs and 58 mins,"Mozilla/5.0 (Windows NT 10.0; Win64; x64) AppleWebKit/537.36 (KHTML, like Gecko) Chrome/133.0.0.0 Safari/537.36"
It Ends with Us,Colleen Hoover,Length: 11 hrs and 11 mins,"Mozilla/5.0 (Windows NT 10.0; Win64; x64) AppleWebKit/537.36 (KHTML, like Gecko) Chrome/133.0.0.0 Safari/537.36"
Sugar Daddies,Jade West,Length: 12 hrs and 57 mins,"Mozilla/5.0 (Windows NT 10.0; Win64; x64) AppleWebKit/537.36 (KHTML, like Gecko) Chrome/133.0.0.0 Safari/537.36"
A Feast for Crows,George R.R. Martin,Length: 33 hrs and 50 mins,"Mozilla/5.0 (Windows NT 10.0; Win64; x64) AppleWebKit/537.36 (KHTML, like Gecko) Chrome/133.0.0.0 Safari/537.36"
From the Oasthouse: The Alan Partridge Podcast (Series 3),Alan Partridge,Length: 4 hrs and 16 mins,"Mozilla/5.0 (Windows NT 10.0; Win64; x64) AppleWebKit/537.36 (KHTML, like Gecko) Chrome/133.0.0.0 Safari/537.36"
Murder on the Marlow Belle,Robert Thorogood,Length: 9 hrs and 16 mins,"Mozilla/5.0 (Windows NT 10.0; Win64; x64) AppleWebKit/537.36 (KHTML, like Gecko) Chrome/133.0.0.0 Safari/537.36"
He Who Fights with Monsters: A LitRPG Adventure,"Shirtaloon,Travis Deverell",Length: 28 hrs and 56 mins,"Mozilla/5.0 (Windows NT 10.0; Win64; x64) AppleWebKit/537.36 (KHTML, like Gecko) Chrome/133.0.0.0 Safari/537.36"
Thinking About It Only Makes It Worse,David Mitchell,Length: 9 hrs and 10 mins,"Mozilla/5.0 (Windows NT 10.0; Win64; x64) AppleWebKit/537.36 (KHTML, like Gecko) Chrome/133.0.0.0 Safari/537.36"
25 Alive,James Patterson,Length: 6 hrs and 38 mins,"Mozilla/5.0 (Windows NT 10.0; Win64; x64) AppleWebKit/537.36 (KHTML, like Gecko) Chrome/133.0.0.0 Safari/537.36"
Quest for the Diamond Sword,Winter Morgan,Length: 2 hrs and 23 mins,"Mozilla/5.0 (Windows NT 10.0; Win64; x64) AppleWebKit/537.36 (KHTML, like Gecko) Chrome/133.0.0.0 Safari/537.36"
The Dentist,Tim Sullivan,Length: 10 hrs and 12 mins,"Mozilla/5.0 (Windows NT 10.0; Win64; x64) AppleWebKit/537.36 (KHTML, like Gecko) Chrome/133.0.0.0 Safari/537.36"
Everything Is Tuberculosis,John Green,Length: Not Yet Known,"Mozilla/5.0 (Windows NT 10.0; Win64; x64) AppleWebKit/537.36 (KHTML, like Gecko) Chrome/133.0.0.0 Safari/537.36"
Derren Brown's Boot Camp for Emotion,Derren Brown,Length: 4 hrs and 58 mins,"Mozilla/5.0 (Windows NT 10.0; Win64; x64) AppleWebKit/537.36 (KHTML, like Gecko) Chrome/133.0.0.0 Safari/537.36"
"The Complete Novels : Sense and Sensibility, Pride and Prejudice, Mansfield Park, Emma, Northanger Abbey and Persuasion",Jane Austen,Length: 81 hrs and 2 mins,"Mozilla/5.0 (Windows NT 10.0; Win64; x64) AppleWebKit/537.36 (KHTML, like Gecko) Chrome/133.0.0.0 Safari/537.36"
The Jane Austen BBC Radio Drama Collection,Jane Austen,Length: 14 hrs and 27 mins,"Mozilla/5.0 (Windows NT 10.0; Win64; x64) AppleWebKit/537.36 (KHTML, like Gecko) Chrome/133.0.0.0 Safari/537.36"
Iron Flame (Part 2 of 2) (Dramatized Adaptation),Rebecca Yarros,Length: 9 hrs and 27 mins,"Mozilla/5.0 (Windows NT 10.0; Win64; x64) AppleWebKit/537.36 (KHTML, like Gecko) Chrome/133.0.0.0 Safari/537.36"
The Rest Is History,"Goalhanger Podcasts,Tom Holland,Dominic Sandbrook",Length: 11 hrs and 37 mins,"Mozilla/5.0 (Windows NT 10.0; Win64; x64) AppleWebKit/537.36 (KHTML, like Gecko) Chrome/133.0.0.0 Safari/537.36"
Elric of Melniboné,"Michael Moorcock,Neil Gaiman - Foreword",Length: 24 hrs and 12 mins,"Mozilla/5.0 (Windows NT 10.0; Win64; x64) AppleWebKit/537.36 (KHTML, like Gecko) Chrome/133.0.0.0 Safari/537.36"
Hero: A Simon Serrailler Short Story,Susan Hill,Length: 51 mins,"Mozilla/5.0 (Windows NT 10.0; Win64; x64) AppleWebKit/537.36 (KHTML, like Gecko) Chrome/133.0.0.0 Safari/537.36"
More from Marple's Casebook,Agatha Christie,Length: 8 hrs and 44 mins,"Mozilla/5.0 (Windows NT 10.0; Win64; x64) AppleWebKit/537.36 (KHTML, like Gecko) Chrome/133.0.0.0 Safari/537.36"
Field Reports,Rian Stone,Length: 5 hrs and 2 mins,"Mozilla/5.0 (Windows NT 10.0; Win64; x64) AppleWebKit/537.36 (KHTML, like Gecko) Chrome/133.0.0.0 Safari/537.36"
Scythe & Sparrow,Brynne Weaver,Length: 11 hrs and 36 mins,"Mozilla/5.0 (Windows NT 10.0; Win64; x64) AppleWebKit/537.36 (KHTML, like Gecko) Chrome/133.0.0.0 Safari/537.36"
The Bookseller of Inverness,S.G. MacLean,Length: 10 hrs and 32 mins,"Mozilla/5.0 (Windows NT 10.0; Win64; x64) AppleWebKit/537.36 (KHTML, like Gecko) Chrome/133.0.0.0 Safari/537.36"
Meditations for Mortals,Oliver Burkeman,Length: 4 hrs and 5 mins,"Mozilla/5.0 (Windows NT 10.0; Win64; x64) AppleWebKit/537.36 (KHTML, like Gecko) Chrome/133.0.0.0 Safari/537.36"
Painted Scars,Neva Altaj,Length: 6 hrs and 25 mins,"Mozilla/5.0 (Windows NT 10.0; Win64; x64) AppleWebKit/537.36 (KHTML, like Gecko) Chrome/133.0.0.0 Safari/537.36"
David Attenborough - Life on Air,David Attenborough,Length: 19 hrs and 23 mins,"Mozilla/5.0 (Windows NT 10.0; Win64; x64) AppleWebKit/537.36 (KHTML, like Gecko) Chrome/133.0.0.0 Safari/537.36"
P. D. James BBC Radio Drama Collection,P. D. James,Length: 16 hrs and 37 mins,"Mozilla/5.0 (Windows NT 10.0; Win64; x64) AppleWebKit/537.36 (KHTML, like Gecko) Chrome/133.0.0.0 Safari/537.36"
The Satsuma Complex,Bob Mortimer,Length: 6 hrs and 52 mins,"Mozilla/5.0 (Windows NT 10.0; Win64; x64) AppleWebKit/537.36 (KHTML, like Gecko) Chrome/133.0.0.0 Safari/537.36"
Vanity Fair,William Makepeace Thackeray,Length: 31 hrs and 1 min,"Mozilla/5.0 (Windows NT 10.0; Win64; x64) AppleWebKit/537.36 (KHTML, like Gecko) Chrome/133.0.0.0 Safari/537.36"
The New Neighbours,Claire Douglas,Length: 8 hrs and 52 mins,"Mozilla/5.0 (Windows NT 10.0; Win64; x64) AppleWebKit/537.36 (KHTML, like Gecko) Chrome/133.0.0.0 Safari/537.36"
Age of Glass,Jez Cajiao,Length: 20 hrs and 14 mins,"Mozilla/5.0 (Windows NT 10.0; Win64; x64) AppleWebKit/537.36 (KHTML, like Gecko) Chrome/133.0.0.0 Safari/537.36"
The Girlfriend,K.L. Slater,Length: 8 hrs and 28 mins,"Mozilla/5.0 (Windows NT 10.0; Win64; x64) AppleWebKit/537.36 (KHTML, like Gecko) Chrome/133.0.0.0 Safari/537.36"
Can't Hurt Me,David Goggins,Length: 13 hrs and 37 mins,"Mozilla/5.0 (Windows NT 10.0; Win64; x64) AppleWebKit/537.36 (KHTML, like Gecko) Chrome/133.0.0.0 Safari/537.36"
The Hunger Games,Suzanne Collins,Length: 10 hrs and 35 mins,"Mozilla/5.0 (Windows NT 10.0; Win64; x64) AppleWebKit/537.36 (KHTML, like Gecko) Chrome/133.0.0.0 Safari/537.36"
Nero,S.J. Tilly,Length: 10 hrs and 38 mins,"Mozilla/5.0 (Windows NT 10.0; Win64; x64) AppleWebKit/537.36 (KHTML, like Gecko) Chrome/133.0.0.0 Safari/537.36"
Slow Burn Box Set,Bobby Adair,Length: 55 hrs and 16 mins,"Mozilla/5.0 (Windows NT 10.0; Win64; x64) AppleWebKit/537.36 (KHTML, like Gecko) Chrome/133.0.0.0 Safari/537.36"
From the Wizarding Archive,"J.K. Rowling,Evanna Lynch - foreword",Length: 8 hrs and 3 mins,"Mozilla/5.0 (Windows NT 10.0; Win64; x64) AppleWebKit/537.36 (KHTML, like Gecko) Chrome/133.0.0.0 Safari/537.36"
"The British Classics Collection - Volume One: 20+ Stories from Charles Dickens, Emily Brontë, Jane Austen, Thomas Hardy, George Eliot, George Orwell, & More","George Orwell,Charles Dickens,Thomas Hardy,D. H. Lawrence,Jane Austen,Emily Brontë,Charlotte Brontë,George Eliot,Mary Shelley,Virginia Woolf",Length: 224 hrs and 12 mins,"Mozilla/5.0 (Windows NT 10.0; Win64; x64) AppleWebKit/537.36 (KHTML, like Gecko) Chrome/133.0.0.0 Safari/537.36"
The Trading Game,Gary Stevenson,Length: 12 hrs and 40 mins,"Mozilla/5.0 (Windows NT 10.0; Win64; x64) AppleWebKit/537.36 (KHTML, like Gecko) Chrome/133.0.0.0 Safari/537.36"
The Christmas Party,Kathryn Croft,Length: 4 hrs and 42 mins,"Mozilla/5.0 (Windows NT 10.0; Win64; x64) AppleWebKit/537.36 (KHTML, like Gecko) Chrome/133.0.0.0 Safari/537.36"
Sorry Not Sorry,Sophie Ranald,Length: 10 hrs and 48 mins,"Mozilla/5.0 (Windows NT 10.0; Win64; x64) AppleWebKit/537.36 (KHTML, like Gecko) Chrome/133.0.0.0 Safari/537.36"
The 10X Mentor,Grant Cardone,Length: 11 hrs and 37 mins,"Mozilla/5.0 (Windows NT 10.0; Win64; x64) AppleWebKit/537.36 (KHTML, like Gecko) Chrome/133.0.0.0 Safari/537.36"
"Freedom's Fire Box Set, Books 1-6",Bobby Adair,Length: 38 hrs and 3 mins,"Mozilla/5.0 (Windows NT 10.0; Win64; x64) AppleWebKit/537.36 (KHTML, like Gecko) Chrome/133.0.0.0 Safari/537.36"
Teach Me,"Melissa Tereze,Jourdyn Kelly",Length: 6 hrs and 33 mins,"Mozilla/5.0 (Windows NT 10.0; Win64; x64) AppleWebKit/537.36 (KHTML, like Gecko) Chrome/133.0.0.0 Safari/537.36"
He's Gone,Rebecca Collomosse,Length: 10 hrs and 21 mins,"Mozilla/5.0 (Windows NT 10.0; Win64; x64) AppleWebKit/537.36 (KHTML, like Gecko) Chrome/133.0.0.0 Safari/537.36"
Autumn Chills,Agatha Christie,Length: 8 hrs and 49 mins,"Mozilla/5.0 (Windows NT 10.0; Win64; x64) AppleWebKit/537.36 (KHTML, like Gecko) Chrome/133.0.0.0 Safari/537.36"
Coat on Coat off Wet Feet,Vicki Harrison,Length: 5 hrs and 39 mins,"Mozilla/5.0 (Windows NT 10.0; Win64; x64) AppleWebKit/537.36 (KHTML, like Gecko) Chrome/133.0.0.0 Safari/537.36"
H.G. Wells: The Science Fiction Collection,H. G. Wells,Length: 27 hrs and 15 mins,"Mozilla/5.0 (Windows NT 10.0; Win64; x64) AppleWebKit/537.36 (KHTML, like Gecko) Chrome/133.0.0.0 Safari/537.36"
Building Microservices,Sam Newman,Length: 21 hrs and 12 mins,"Mozilla/5.0 (Windows NT 10.0; Win64; x64) AppleWebKit/537.36 (KHTML, like Gecko) Chrome/133.0.0.0 Safari/537.36"
The Talon of Horus,Aaron Dembski-Bowden,Length: 12 hrs and 54 mins,"Mozilla/5.0 (Windows NT 10.0; Win64; x64) AppleWebKit/537.36 (KHTML, like Gecko) Chrome/133.0.0.0 Safari/537.36"
The Anxious Generation,Jonathan Haidt,Length: 10 hrs and 32 mins,"Mozilla/5.0 (Windows NT 10.0; Win64; x64) AppleWebKit/537.36 (KHTML, like Gecko) Chrome/133.0.0.0 Safari/537.36"
Oathbringer,Brandon Sanderson,Length: 55 hrs and 24 mins,"Mozilla/5.0 (Windows NT 10.0; Win64; x64) AppleWebKit/537.36 (KHTML, like Gecko) Chrome/133.0.0.0 Safari/537.36"
How to Make Money in Business Online,S.R. Brown,Length: 3 hrs and 41 mins,"Mozilla/5.0 (Windows NT 10.0; Win64; x64) AppleWebKit/537.36 (KHTML, like Gecko) Chrome/133.0.0.0 Safari/537.36"
A Brief History of Japan,Jonathan Clements,Length: 8 hrs and 41 mins,"Mozilla/5.0 (Windows NT 10.0; Win64; x64) AppleWebKit/537.36 (KHTML, like Gecko) Chrome/133.0.0.0 Safari/537.36"
The Things We Leave Unfinished,Rebecca Yarros,Length: 14 hrs and 32 mins,"Mozilla/5.0 (Windows NT 10.0; Win64; x64) AppleWebKit/537.36 (KHTML, like Gecko) Chrome/133.0.0.0 Safari/537.36"
What's Your Dream?,Simon Squibb,Length: 7 hrs and 56 mins,"Mozilla/5.0 (Windows NT 10.0; Win64; x64) AppleWebKit/537.36 (KHTML, like Gecko) Chrome/133.0.0.0 Safari/537.36"
Corrupt,Penelope Douglas,Length: 14 hrs and 37 mins,"Mozilla/5.0 (Windows NT 10.0; Win64; x64) AppleWebKit/537.36 (KHTML, like Gecko) Chrome/133.0.0.0 Safari/537.36"
Debt - Updated and Expanded,David Graeber,Length: 17 hrs and 48 mins,"Mozilla/5.0 (Windows NT 10.0; Win64; x64) AppleWebKit/537.36 (KHTML, like Gecko) Chrome/133.0.0.0 Safari/537.36"
All DEAD,T. W. Brown,Length: 143 hrs and 15 mins,"Mozilla/5.0 (Windows NT 10.0; Win64; x64) AppleWebKit/537.36 (KHTML, like Gecko) Chrome/133.0.0.0 Safari/537.36"
T.V.,Peter Kay,Length: 7 hrs and 38 mins,"Mozilla/5.0 (Windows NT 10.0; Win64; x64) AppleWebKit/537.36 (KHTML, like Gecko) Chrome/133.0.0.0 Safari/537.36"
Percy Jackson and the Lightning Thief,Rick Riordan,Length: 10 hrs and 13 mins,"Mozilla/5.0 (Windows NT 10.0; Win64; x64) AppleWebKit/537.36 (KHTML, like Gecko) Chrome/133.0.0.0 Safari/537.36"
The Tenant of Wildfell Hall,Anne Brontë,Length: 16 hrs and 21 mins,"Mozilla/5.0 (Windows NT 10.0; Win64; x64) AppleWebKit/537.36 (KHTML, like Gecko) Chrome/133.0.0.0 Safari/537.36"
A Short History of Nearly Everything,Bill Bryson,Length: 18 hrs and 59 mins,"Mozilla/5.0 (Windows NT 10.0; Win64; x64) AppleWebKit/537.36 (KHTML, like Gecko) Chrome/133.0.0.0 Safari/537.36"
Echoes on the Fens,Joy Ellis,Length: 11 hrs and 50 mins,"Mozilla/5.0 (Windows NT 10.0; Win64; x64) AppleWebKit/537.36 (KHTML, like Gecko) Chrome/133.0.0.0 Safari/537.36"
We Play Games,Sarah A. Denzil,Length: 8 hrs and 41 mins,"Mozilla/5.0 (Windows NT 10.0; Win64; x64) AppleWebKit/537.36 (KHTML, like Gecko) Chrome/133.0.0.0 Safari/537.36"
Here One Moment,Liane Moriarty,Length: 15 hrs and 53 mins,"Mozilla/5.0 (Windows NT 10.0; Win64; x64) AppleWebKit/537.36 (KHTML, like Gecko) Chrome/133.0.0.0 Safari/537.36"
Maybe Tomorrow,Michael Wood,Length: 8 hrs and 55 mins,"Mozilla/5.0 (Windows NT 10.0; Win64; x64) AppleWebKit/537.36 (KHTML, like Gecko) Chrome/133.0.0.0 Safari/537.36"
Tell No One,Harlan Coben,Length: 10 hrs and 34 mins,"Mozilla/5.0 (Windows NT 10.0; Win64; x64) AppleWebKit/537.36 (KHTML, like Gecko) Chrome/133.0.0.0 Safari/537.36"
The Psychology of Money,Morgan Housel,Length: 5 hrs and 54 mins,"Mozilla/5.0 (Windows NT 10.0; Win64; x64) AppleWebKit/537.36 (KHTML, like Gecko) Chrome/133.0.0.0 Safari/537.36"
Precipice,Robert Harris,Length: 12 hrs and 25 mins,"Mozilla/5.0 (Windows NT 10.0; Win64; x64) AppleWebKit/537.36 (KHTML, like Gecko) Chrome/133.0.0.0 Safari/537.36"
Underscore,Andrew Cartmel,Length: 10 hrs and 50 mins,"Mozilla/5.0 (Windows NT 10.0; Win64; x64) AppleWebKit/537.36 (KHTML, like Gecko) Chrome/133.0.0.0 Safari/537.36"
The Riddle Of The Sands,Erskine Childers,Length: 10 hrs and 9 mins,"Mozilla/5.0 (Windows NT 10.0; Win64; x64) AppleWebKit/537.36 (KHTML, like Gecko) Chrome/133.0.0.0 Safari/537.36"
Chapterhouse Dune,Frank Herbert,Length: 16 hrs and 42 mins,"Mozilla/5.0 (Windows NT 10.0; Win64; x64) AppleWebKit/537.36 (KHTML, like Gecko) Chrome/133.0.0.0 Safari/537.36"
Frankie,Graham Norton,Length: 9 hrs and 5 mins,"Mozilla/5.0 (Windows NT 10.0; Win64; x64) AppleWebKit/537.36 (KHTML, like Gecko) Chrome/133.0.0.0 Safari/537.36"
Contention,Sean Oswald,Length: 15 hrs and 16 mins,"Mozilla/5.0 (Windows NT 10.0; Win64; x64) AppleWebKit/537.36 (KHTML, like Gecko) Chrome/133.0.0.0 Safari/537.36"
